title,artist,year,Predicted_Genre,True_Genre,Confidence,Is_Correct,file_path,aug
Oceans & Engines,NIKI,2023,R&B,R&B,0.7380417,True,c:/Users/adief/OneDrive/Dokumen/Semester 5/Data Mining 2/Week 14 (Final Project)/downloads_mp3/2023/bQ0pazUc3ZA - NIKI - Oceans & Engines (Official Lyric Video).mp3,none
Peaches (feat. Daniel Caesar & GIVĒON),Justin Bieber,2022,Pop,Pop,0.74535525,True,"c:/Users/adief/OneDrive/Dokumen/Semester 5/Data Mining 2/Week 14 (Final Project)/downloads_mp3/2022/tQ0yjYUFKAE - Justin Bieber - Peaches ft. Daniel Caesar, Giveon.mp3",pitch
iSpy (feat. Lil Yachty),KYLE,2017,Pop,Hip Hop,0.787957,False,c:/Users/adief/OneDrive/Dokumen/Semester 5/Data Mining 2/Week 14 (Final Project)/downloads_mp3/all_years/5XK4v2fgMPU - KYLE - iSpy feat. Lil Yachty [Official Music Video].mp3,none
abcdefu,GAYLE,2022,Pop,Pop,0.6980474,True,c:/Users/adief/OneDrive/Dokumen/Semester 5/Data Mining 2/Week 14 (Final Project)/downloads_mp3/2022/NaFd8ucHLuo - GAYLE - abcdefu (Official Music Video).mp3,noise
Wish You Were Here,Neck Deep,2022,Hip Hop,Pop,0.4217723,False,c:/Users/adief/OneDrive/Dokumen/Semester 5/Data Mining 2/Week 14 (Final Project)/downloads_mp3/all_years/VyPwEZTIpVc - Wish You Were Here.mp3,noise
Blank Space,Taylor Swift,2023,Pop,Pop,0.965784,True,c:/Users/adief/OneDrive/Dokumen/Semester 5/Data Mining 2/Week 14 (Final Project)/downloads_mp3/2016/2mIBS3fHp6A - Taylor Swift - Blank Space (Audio).mp3,pitch
Con Calma (feat. Snow),Daddy Yankee,2019,Hip Hop,Hip Hop,0.9308625,True,c:/Users/adief/OneDrive/Dokumen/Semester 5/Data Mining 2/Week 14 (Final Project)/downloads_mp3/2019/r_wb7GAiCg4 - Daddy Yankee - Con Calma (Audio) ft. Snow.mp3,none
Percayalah,Afgan,2016,Pop,Pop,0.9910375,True,c:/Users/adief/OneDrive/Dokumen/Semester 5/Data Mining 2/Week 14 (Final Project)/downloads_mp3/all_years/-_-dkafbhB8 - Afgan & Raisa - Percayalah ｜ Official Video Lirik.mp3,pitch
Hati-Hati di Jalan,Tulus,2023,Pop,Pop,0.98173887,True,c:/Users/adief/OneDrive/Dokumen/Semester 5/Data Mining 2/Week 14 (Final Project)/downloads_mp3/2023/_N6vSc_mT6I - TULUS - Hati-Hati di Jalan (Official Lyric Video).mp3,pitch
Enchanted,Taylor Swift,2023,Country,Country,0.9635597,True,c:/Users/adief/OneDrive/Dokumen/Semester 5/Data Mining 2/Week 14 (Final Project)/downloads_mp3/2022/Na2WnQ13zcM - Enchanted.mp3,pitch
Sanctuary,Joji,2022,Soul,Soul,0.55478585,True,c:/Users/adief/OneDrive/Dokumen/Semester 5/Data Mining 2/Week 14 (Final Project)/downloads_mp3/all_years/ZEY9UCzzbcQ - Sanctuary.mp3,pitch
I'm the One (feat. Justin Bieber. Quavo. Chance the Rapper & Lil Wayne),DJ Khaled,2017,Hip Hop,Hip Hop,0.81522226,True,"c:/Users/adief/OneDrive/Dokumen/Semester 5/Data Mining 2/Week 14 (Final Project)/downloads_mp3/2017/158plNHX4vw - DJ Khaled - I'm the One ft. Justin Bieber, Chance the Rapper, Lil Wayne (Lyrics ⧸ Lyric Video).mp3",pitch
Peaches (feat. Daniel Caesar & GIVĒON),Justin Bieber,2022,Pop,Pop,0.9654493,True,"c:/Users/adief/OneDrive/Dokumen/Semester 5/Data Mining 2/Week 14 (Final Project)/downloads_mp3/2022/tQ0yjYUFKAE - Justin Bieber - Peaches ft. Daniel Caesar, Giveon.mp3",none
All Time Low,Jon Bellion,2017,Pop,Pop,0.98415136,True,c:/Users/adief/OneDrive/Dokumen/Semester 5/Data Mining 2/Week 14 (Final Project)/downloads_mp3/2017/G8_HqSbOw_M - Jon Bellion - All Time Low (Audio).mp3,pitch
Ayat Kursi,Muzammil Hasballah,2023,Pop,Soul,0.44700727,False,"c:/Users/adief/OneDrive/Dokumen/Semester 5/Data Mining 2/Week 14 (Final Project)/downloads_mp3/2023/LO2QPCeKx5U - Ayat kursi MERDU (Muzammil hasballah) LIRIK. LENGKAP text arab, latin, dan terjemahan.mp3",pitch
Stand By You,Rachel Platten,2016,EDM,Pop,0.95416266,False,c:/Users/adief/OneDrive/Dokumen/Semester 5/Data Mining 2/Week 14 (Final Project)/downloads_mp3/all_years/R4KkBxv0VpY - Rachel Platten - Stand By You (Audio).mp3,none
MONEY,LISA,2022,Hip Hop,Pop,0.84934384,False,c:/Users/adief/OneDrive/Dokumen/Semester 5/Data Mining 2/Week 14 (Final Project)/downloads_mp3/all_years/vrZA5m4DBr4 - LISA - MONEY [Audio].mp3,noise
I'm Upset,Drake,2018,Hip Hop,Hip Hop,0.99318695,True,c:/Users/adief/OneDrive/Dokumen/Semester 5/Data Mining 2/Week 14 (Final Project)/downloads_mp3/all_years/wS4ESheuHDY - Drake - I'm Upset (Official Audio).mp3,none
I Love You So,The Walters,2022,EDM,Pop,0.8241073,False,c:/Users/adief/OneDrive/Dokumen/Semester 5/Data Mining 2/Week 14 (Final Project)/downloads_mp3/2022/NwFVSclD_uc - The Walters -- I Love You So.mp3,pitch
Blank Space,Taylor Swift,2023,Pop,Pop,0.9568294,True,c:/Users/adief/OneDrive/Dokumen/Semester 5/Data Mining 2/Week 14 (Final Project)/downloads_mp3/2016/2mIBS3fHp6A - Taylor Swift - Blank Space (Audio).mp3,noise
Yours (feat. LeeHi & CHANGMO),Raiden,2021,EDM,Pop,0.94317186,False,"c:/Users/adief/OneDrive/Dokumen/Semester 5/Data Mining 2/Week 14 (Final Project)/downloads_mp3/2021/N2dsnGc7TFk - Raiden X 찬열 CHANYEOL 'Yours (Feat. 이하이, 창모)' MV.mp3",pitch
when the party's over,Billie Eilish,2019,Pop,Pop,0.80605036,True,c:/Users/adief/OneDrive/Dokumen/Semester 5/Data Mining 2/Week 14 (Final Project)/downloads_mp3/all_years/b6WNdcZpDhQ - Billie Eilish - when the party's over (Audio).mp3,noise
Marvin Gaye (feat. Meghan Trainor),Charlie Puth,2016,Pop,Pop,0.89941853,True,c:/Users/adief/OneDrive/Dokumen/Semester 5/Data Mining 2/Week 14 (Final Project)/downloads_mp3/all_years/igNVdlXhKcI - Charlie Puth - Marvin Gaye ft. Meghan Trainor [Official Video].mp3,noise
Intentions (feat. Quavo),Justin Bieber,2022,Pop,Pop,0.9005941,True,c:/Users/adief/OneDrive/Dokumen/Semester 5/Data Mining 2/Week 14 (Final Project)/downloads_mp3/2022/VI8lrXNSLnA - Justin Bieber - Intentions (Official Lyric Video) ft. Quavo.mp3,pitch
God's Plan,Drake,2018,Pop,Hip Hop,0.68935275,False,c:/Users/adief/OneDrive/Dokumen/Semester 5/Data Mining 2/Week 14 (Final Project)/downloads_mp3/2019/m1a_GqJf02M - God's Plan.mp3,pitch
My Way,Calvin Harris,2016,Hip Hop,EDM,0.8749996,False,c:/Users/adief/OneDrive/Dokumen/Semester 5/Data Mining 2/Week 14 (Final Project)/downloads_mp3/2016/KSbxm6wMcDI - Calvin Harris - My Way.mp3,pitch
Bawa Dia Kembali,Mahalini,2023,Pop,Pop,0.76706624,True,c:/Users/adief/OneDrive/Dokumen/Semester 5/Data Mining 2/Week 14 (Final Project)/downloads_mp3/2025/dq2i49uwEJg - MAHALINI - BAWA DIA KEMBALI #FABULA (VIDEO LIRIK) LIRIK LAGU TERBARU.mp3,noise
Sneakin' (feat. 21 Savage),Drake,2017,Hip Hop,Hip Hop,0.9914784,True,c:/Users/adief/OneDrive/Dokumen/Semester 5/Data Mining 2/Week 14 (Final Project)/downloads_mp3/all_years/WNW1xRqbt94 - Drake - Sneakin' ft. 21 Savage (Official Video).mp3,pitch
abcdefu,GAYLE,2022,Pop,Pop,0.99135184,True,c:/Users/adief/OneDrive/Dokumen/Semester 5/Data Mining 2/Week 14 (Final Project)/downloads_mp3/2022/NaFd8ucHLuo - GAYLE - abcdefu (Official Music Video).mp3,none
HEARTBREAK ANNIVERSARY,GIVĒON,2021,R&B,R&B,0.858611,True,c:/Users/adief/OneDrive/Dokumen/Semester 5/Data Mining 2/Week 14 (Final Project)/downloads_mp3/2021/nja_0BaQcNg - GIVĒON - Heartbreak Anniversary (Audio).mp3,noise
Rumah Singgah,Fabio Asher,2023,Pop,Pop,0.9758243,True,c:/Users/adief/OneDrive/Dokumen/Semester 5/Data Mining 2/Week 14 (Final Project)/downloads_mp3/all_years/RCYHpwtvqrE - Rumah Singgah.mp3,none
Please Me,Cardi B,2019,Pop,Hip Hop,0.49035558,False,c:/Users/adief/OneDrive/Dokumen/Semester 5/Data Mining 2/Week 14 (Final Project)/downloads_mp3/all_years/4FitbJ3oqww - Cardi B & Bruno Mars - Please Me (Official Audio).mp3,pitch
I Fall Apart,Post Malone,2018,Pop,Hip Hop,0.5582852,False,c:/Users/adief/OneDrive/Dokumen/Semester 5/Data Mining 2/Week 14 (Final Project)/downloads_mp3/all_years/nqfVoTMEosw - I Fall Apart.mp3,none
Wild Thoughts (feat. Rihanna & Bryson Tiller),DJ Khaled,2017,Hip Hop,Pop,0.76697326,False,"c:/Users/adief/OneDrive/Dokumen/Semester 5/Data Mining 2/Week 14 (Final Project)/downloads_mp3/2017/fyaI4-5849w - DJ Khaled - Wild Thoughts (Official Video) ft. Rihanna, Bryson Tiller.mp3",none
How to Love (feat. Sofia Reyes),Cash Cash,2016,EDM,EDM,0.984446,True,c:/Users/adief/OneDrive/Dokumen/Semester 5/Data Mining 2/Week 14 (Final Project)/downloads_mp3/2016/peByeoQhjMM - Cash Cash - How To Love ft Sofia Reyes (Official Video).mp3,pitch
Secret Love Song (feat. Jason Derulo),Little Mix,2016,Pop,Pop,0.95731556,True,c:/Users/adief/OneDrive/Dokumen/Semester 5/Data Mining 2/Week 14 (Final Project)/downloads_mp3/2022/qgy7vEje5-w - Little Mix - Secret Love Song (Official Video) ft. Jason Derulo.mp3,pitch
Shape of You,Ed Sheeran,2019,Pop,Pop,0.9926797,True,c:/Users/adief/OneDrive/Dokumen/Semester 5/Data Mining 2/Week 14 (Final Project)/downloads_mp3/2017/_dK2tDK9grQ - Ed Sheeran - Shape Of You [Official Lyric Video].mp3,pitch
Till It Hurts (feat. Ayden),Yellow Claw,2016,EDM,EDM,0.49425402,True,c:/Users/adief/OneDrive/Dokumen/Semester 5/Data Mining 2/Week 14 (Final Project)/downloads_mp3/2016/0tHH0BNH0Sc - Yellow Claw - Till It Hurts ft. Ayden [Official Music Video].mp3,noise
Don't Wanna Know (feat. Kendrick Lamar),Maroon 5,2016,EDM,Rock,0.7346832,False,c:/Users/adief/OneDrive/Dokumen/Semester 5/Data Mining 2/Week 14 (Final Project)/downloads_mp3/2017/OxPv8mSTv9U - Maroon 5 - Don't Wanna Know ft. Kendrick Lamar (Audio).mp3,noise
Youngblood,5 Seconds of Summer,2018,Pop,Rock,0.34697464,False,c:/Users/adief/OneDrive/Dokumen/Semester 5/Data Mining 2/Week 14 (Final Project)/downloads_mp3/all_years/CXNv4_wQjKQ - Youngblood.mp3,noise
Glimpse of Us,Joji,2023,Pop,Pop,0.55263275,True,c:/Users/adief/OneDrive/Dokumen/Semester 5/Data Mining 2/Week 14 (Final Project)/downloads_mp3/all_years/FvOpPeKSf_4 - Joji -  Glimpse of Us.mp3,noise
Thinking out Loud,Ed Sheeran,2015,Pop,Pop,0.9233747,True,c:/Users/adief/OneDrive/Dokumen/Semester 5/Data Mining 2/Week 14 (Final Project)/downloads_mp3/all_years/WpyfrixXBqU - Ed Sheeran - Thinking Out Loud [Official Audio].mp3,none
Thinking Out Loud,Ed Sheeran,2022,Pop,Pop,0.9233747,True,c:/Users/adief/OneDrive/Dokumen/Semester 5/Data Mining 2/Week 14 (Final Project)/downloads_mp3/all_years/WpyfrixXBqU - Ed Sheeran - Thinking Out Loud [Official Audio].mp3,none
7 rings,Ariana Grande,2019,Pop,Pop,0.5461701,True,c:/Users/adief/OneDrive/Dokumen/Semester 5/Data Mining 2/Week 14 (Final Project)/downloads_mp3/all_years/M84fFXooS5w - Ariana Grande - 7 rings (Official Audio).mp3,pitch
Pesan Terakhir,Lyodra,2022,Pop,Pop,0.9175426,True,c:/Users/adief/OneDrive/Dokumen/Semester 5/Data Mining 2/Week 14 (Final Project)/downloads_mp3/2025/_7CX0hTDRtU - Lyodra - Pesan Terakhir (Official Lyric Video).mp3,noise
High School in Jakarta,NIKI,2022,Pop,R&B,0.8091175,False,c:/Users/adief/OneDrive/Dokumen/Semester 5/Data Mining 2/Week 14 (Final Project)/downloads_mp3/2022/oMqcb16umH0 - NIKI - High School In Jakarta (Official Lyric Video).mp3,noise
All Too Well (10 Minute Version) [Taylor's Version] [From The Vault],Taylor Swift,2022,Indie,Country,0.3421573,False,c:/Users/adief/OneDrive/Dokumen/Semester 5/Data Mining 2/Week 14 (Final Project)/downloads_mp3/2022/sRxrwjOtIag - All Too Well (10 Minute Version) (Taylor's Version) (From The Vault) (Lyric Video).mp3,pitch
Lucid Dreams,Juice WRLD,2019,Pop,Pop,0.9807318,True,c:/Users/adief/OneDrive/Dokumen/Semester 5/Data Mining 2/Week 14 (Final Project)/downloads_mp3/all_years/onbC6N-QGPc - Juice WRLD ＂Lucid Dreams (Forget Me)＂ (Official Audio).mp3,pitch
Sucker,Jonas Brothers,2019,Rock,Rock,0.93864065,True,c:/Users/adief/OneDrive/Dokumen/Semester 5/Data Mining 2/Week 14 (Final Project)/downloads_mp3/all_years/3tF6o67d45c - Jonas Brothers - Sucker (Audio Oficial).mp3,pitch
To the Bone,Pamungkas,2022,Indie,Indie,0.40370807,True,c:/Users/adief/OneDrive/Dokumen/Semester 5/Data Mining 2/Week 14 (Final Project)/downloads_mp3/2021/oIYWenB637c - Pamungkas - To The Bone (Official Music Video).mp3,noise
Love Me Like You Do,Ellie Goulding,2016,Pop,Pop,0.7777896,True,c:/Users/adief/OneDrive/Dokumen/Semester 5/Data Mining 2/Week 14 (Final Project)/downloads_mp3/2016/725WlG1idPc - Ellie Goulding - Love Me Like You Do (Official Audio).mp3,none
Dynamite,BTS,2021,Pop,Pop,0.99544394,True,c:/Users/adief/OneDrive/Dokumen/Semester 5/Data Mining 2/Week 14 (Final Project)/downloads_mp3/2022/OiMWFojB9Ok - BTS (방탄소년단) - DYNAMITE (Official Audio).mp3,none
Wild Thoughts (feat. Rihanna & Bryson Tiller),DJ Khaled,2018,Pop,Hip Hop,0.96348906,False,"c:/Users/adief/OneDrive/Dokumen/Semester 5/Data Mining 2/Week 14 (Final Project)/downloads_mp3/2017/fyaI4-5849w - DJ Khaled - Wild Thoughts (Official Video) ft. Rihanna, Bryson Tiller.mp3",pitch
Secret Love Song (feat. Jason Derulo),Little Mix,2016,Pop,Pop,0.9860064,True,c:/Users/adief/OneDrive/Dokumen/Semester 5/Data Mining 2/Week 14 (Final Project)/downloads_mp3/2022/qgy7vEje5-w - Little Mix - Secret Love Song (Official Video) ft. Jason Derulo.mp3,none
Leave The Door Open,Silk Sonic,2021,Soul,Soul,0.86377376,True,c:/Users/adief/OneDrive/Dokumen/Semester 5/Data Mining 2/Week 14 (Final Project)/downloads_mp3/2021/wIyNAsmGrl0 - Leave the door open.mp3,none
traitor,Olivia Rodrigo,2021,Pop,Pop,0.8501128,True,c:/Users/adief/OneDrive/Dokumen/Semester 5/Data Mining 2/Week 14 (Final Project)/downloads_mp3/2024/6tsu2oeZJgo - Olivia Rodrigo - traitor (Lyric Video).mp3,noise
Best Part (feat. H.E.R.),Daniel Caesar,2021,Pop,R&B,0.6297697,False,c:/Users/adief/OneDrive/Dokumen/Semester 5/Data Mining 2/Week 14 (Final Project)/downloads_mp3/2020/vBy7FaapGRo - Daniel Caesar - Best Part (Audio) ft. H.E.R..mp3,none
Treat You Better,Shawn Mendes,2016,Pop,Pop,0.8399887,True,c:/Users/adief/OneDrive/Dokumen/Semester 5/Data Mining 2/Week 14 (Final Project)/downloads_mp3/2016/eiG_DUXD8YQ - Shawn Mendes - Treat You Better (Audio).mp3,pitch
I Get the Bag (feat. Migos),Gucci Mane,2018,Hip Hop,Hip Hop,0.6922337,True,c:/Users/adief/OneDrive/Dokumen/Semester 5/Data Mining 2/Week 14 (Final Project)/downloads_mp3/all_years/uo14xGYwWd4 - Gucci Mane - I Get The Bag feat. Migos [Official Music Video].mp3,pitch
double take,Dhruv,2021,Hip Hop,R&B,0.48823348,False,c:/Users/adief/OneDrive/Dokumen/Semester 5/Data Mining 2/Week 14 (Final Project)/downloads_mp3/2022/uQiF1yOnzDg - Dhruv - double take (Official Audio).mp3,pitch
Nights Like This (feat. Ty Dolla $ign),Kehlani,2019,R&B,R&B,0.8408217,True,c:/Users/adief/OneDrive/Dokumen/Semester 5/Data Mining 2/Week 14 (Final Project)/downloads_mp3/all_years/SK-Aoa5Ixyk - Kehlani - Nights Like This (Lyrics) ft. Ty Dolla $ign.mp3,noise
Versace On The Floor,Bruno Mars,2021,R&B,R&B,0.5393551,True,c:/Users/adief/OneDrive/Dokumen/Semester 5/Data Mining 2/Week 14 (Final Project)/downloads_mp3/all_years/-FyjEnoIgTM - Bruno Mars - Versace on the Floor (Official Music Video).mp3,none
good 4 u,Olivia Rodrigo,2021,Pop,Pop,0.70332295,True,c:/Users/adief/OneDrive/Dokumen/Semester 5/Data Mining 2/Week 14 (Final Project)/downloads_mp3/2021/aeDdS9aIpck - good 4 u.mp3,none
One Last Time,Ariana Grande,2015,Pop,Pop,0.96146774,True,c:/Users/adief/OneDrive/Dokumen/Semester 5/Data Mining 2/Week 14 (Final Project)/downloads_mp3/all_years/Wg92RrNhB8s - Ariana Grande - One Last Time (Official Lyric Video).mp3,none
Intentions (feat. Quavo),Justin Bieber,2021,Hip Hop,Pop,0.95487225,False,c:/Users/adief/OneDrive/Dokumen/Semester 5/Data Mining 2/Week 14 (Final Project)/downloads_mp3/2022/VI8lrXNSLnA - Justin Bieber - Intentions (Official Lyric Video) ft. Quavo.mp3,noise
Melawan Restu,Mahalini,2022,Pop,Pop,0.89382315,True,c:/Users/adief/OneDrive/Dokumen/Semester 5/Data Mining 2/Week 14 (Final Project)/downloads_mp3/2023/Svz5F8J1Ap0 - MAHALINI - MELAWAN RESTU (OFFICIAL MUSIC VIDEO).mp3,noise
Never Recover,Lil Baby,2019,Hip Hop,Hip Hop,0.9806113,True,"c:/Users/adief/OneDrive/Dokumen/Semester 5/Data Mining 2/Week 14 (Final Project)/downloads_mp3/all_years/Hsy4UEBSO44 - Lil Baby, Gunna, Drake - Never Recover (Official Audio).mp3",none
We Don’t Talk Anymore (feat. Selena Gomez),Charlie Puth,2016,Pop,Pop,0.91295785,True,c:/Users/adief/OneDrive/Dokumen/Semester 5/Data Mining 2/Week 14 (Final Project)/downloads_mp3/2016/Pvcc5yEPpTc - Charlie Puth - We Don't Talk Anymore (feat. Selena Gomez) (Audio).mp3,noise
ELEVEN,IVE,2022,Pop,Pop,0.8302341,True,c:/Users/adief/OneDrive/Dokumen/Semester 5/Data Mining 2/Week 14 (Final Project)/downloads_mp3/2022/e91HyUPLaMM - ELEVEN.mp3,none
Candy Paint,Post Malone,2018,Pop,Hip Hop,0.9398471,False,c:/Users/adief/OneDrive/Dokumen/Semester 5/Data Mining 2/Week 14 (Final Project)/downloads_mp3/2018/qtgf-sidZrU - Candy Paint.mp3,noise
See You Again (feat. Charlie Puth),Wiz Khalifa,2015,Pop,Pop,0.920485,True,c:/Users/adief/OneDrive/Dokumen/Semester 5/Data Mining 2/Week 14 (Final Project)/downloads_mp3/2016/xl8thVrlvjI - See You Again (feat. Charlie Puth).mp3,noise
Stay,Zedd,2017,EDM,EDM,0.5237212,True,"c:/Users/adief/OneDrive/Dokumen/Semester 5/Data Mining 2/Week 14 (Final Project)/downloads_mp3/2017/h--P8HzYZ74 - Zedd, Alessia Cara - Stay (Lyric Video).mp3",noise
Faded,Alan Walker,2016,Pop,EDM,0.99094945,False,c:/Users/adief/OneDrive/Dokumen/Semester 5/Data Mining 2/Week 14 (Final Project)/downloads_mp3/2016/psn_rs_a5O0 - Alan Walker - Faded (Audio).mp3,pitch
double take,Dhruv,2021,R&B,R&B,0.9291923,True,c:/Users/adief/OneDrive/Dokumen/Semester 5/Data Mining 2/Week 14 (Final Project)/downloads_mp3/2022/uQiF1yOnzDg - Dhruv - double take (Official Audio).mp3,none
Pesan Terakhir,Lyodra,2021,Pop,Pop,0.99560344,True,c:/Users/adief/OneDrive/Dokumen/Semester 5/Data Mining 2/Week 14 (Final Project)/downloads_mp3/2025/_7CX0hTDRtU - Lyodra - Pesan Terakhir (Official Lyric Video).mp3,pitch
a lot,21 Savage,2019,Hip Hop,Hip Hop,0.9754852,True,c:/Users/adief/OneDrive/Dokumen/Semester 5/Data Mining 2/Week 14 (Final Project)/downloads_mp3/2019/VbrEsOLu75c - 21 Savage - A Lot (Official Audio).mp3,noise
Pink Venom,BLACKPINK,2023,Pop,Hip Hop,0.39018634,False,c:/Users/adief/OneDrive/Dokumen/Semester 5/Data Mining 2/Week 14 (Final Project)/downloads_mp3/all_years/3or3dp3qNQU - BLACKPINK - ‘Pink Venom’ (Official Audio).mp3,noise
The Hills,The Weeknd,2015,R&B,R&B,0.88377476,True,c:/Users/adief/OneDrive/Dokumen/Semester 5/Data Mining 2/Week 14 (Final Project)/downloads_mp3/all_years/Rif-RTvmmss - The Weeknd - Starboy (Audio) ft. Daft Punk.mp3,noise
All The Stars,Kendrick Lamar,2018,R&B,R&B,0.69738966,True,"c:/Users/adief/OneDrive/Dokumen/Semester 5/Data Mining 2/Week 14 (Final Project)/downloads_mp3/2018/GfCqMv--ncA - Kendrick Lamar, SZA - All The Stars.mp3",noise
happier,Olivia Rodrigo,2022,Pop,Pop,0.72184503,True,c:/Users/adief/OneDrive/Dokumen/Semester 5/Data Mining 2/Week 14 (Final Project)/downloads_mp3/all_years/DG8o24dFq7w - Happier Than Ever.mp3,pitch
Blue Jeans,GANGGA,2022,Pop,Indie,0.60606265,False,c:/Users/adief/OneDrive/Dokumen/Semester 5/Data Mining 2/Week 14 (Final Project)/downloads_mp3/2022/UzKdy75GqXQ - GANGGA - Blue Jeans (Official Lyric Video).mp3,noise
Bahaya,Arsy Widianto,2022,Pop,Pop,0.76799464,True,"c:/Users/adief/OneDrive/Dokumen/Semester 5/Data Mining 2/Week 14 (Final Project)/downloads_mp3/all_years/PcFQF9MtUJY - Arsy Widianto, Tiara Andini - Bahaya (Official Lyric Video).mp3",noise
Hands To Myself,Selena Gomez,2016,Pop,Pop,0.99350303,True,c:/Users/adief/OneDrive/Dokumen/Semester 5/Data Mining 2/Week 14 (Final Project)/downloads_mp3/2016/N_-RzWTJ8l8 - Selena Gomez - Hands To Myself (Official Audio).mp3,none
Dancing With A Stranger,Sam Smith,2019,Pop,Pop,0.9842794,True,c:/Users/adief/OneDrive/Dokumen/Semester 5/Data Mining 2/Week 14 (Final Project)/downloads_mp3/2019/ahCCTVFnnwA - Sam Smith and Normani - Dancing With A Stranger (Audio).mp3,none
Toothbrush,DNCE,2016,Pop,Pop,0.9801751,True,c:/Users/adief/OneDrive/Dokumen/Semester 5/Data Mining 2/Week 14 (Final Project)/downloads_mp3/all_years/h161leMNOeE - DNCE - Toothbrush (Audio).mp3,none
Stay,Zedd,2017,Indie,EDM,0.36978838,False,"c:/Users/adief/OneDrive/Dokumen/Semester 5/Data Mining 2/Week 14 (Final Project)/downloads_mp3/2017/h--P8HzYZ74 - Zedd, Alessia Cara - Stay (Lyric Video).mp3",pitch
It's You,Sezairi,2022,Pop,Soul,0.556295,False,c:/Users/adief/OneDrive/Dokumen/Semester 5/Data Mining 2/Week 14 (Final Project)/downloads_mp3/all_years/1ieSEOX5OEE - Sezairi - It's You (Official Audio).mp3,noise
Same Old Love,Selena Gomez,2015,Pop,Pop,0.99670714,True,c:/Users/adief/OneDrive/Dokumen/Semester 5/Data Mining 2/Week 14 (Final Project)/downloads_mp3/all_years/naKhF6G36rM - Selena Gomez - Same Old Love (Audio).mp3,pitch
Bagaimana Kalau Aku Tidak Baik Baik Saja,Judika,2022,Pop,Pop,0.78758335,True,c:/Users/adief/OneDrive/Dokumen/Semester 5/Data Mining 2/Week 14 (Final Project)/downloads_mp3/all_years/MbhsQ17I4io - Judika - Bagaimana Kalau Aku Tidak Baik-Baik Saja ( Official Lyric Video ).mp3,noise
Sunroof,Nicky Youre,2022,Pop,Pop,0.7346022,True,"c:/Users/adief/OneDrive/Dokumen/Semester 5/Data Mining 2/Week 14 (Final Project)/downloads_mp3/2022/npuA90VN9i8 - Nicky Youre, hey daisy, 24kGoldn - Sunroof (Official Audio).mp3",none
YOSEMITE,Travis Scott,2019,Hip Hop,Hip Hop,0.90570265,True,c:/Users/adief/OneDrive/Dokumen/Semester 5/Data Mining 2/Week 14 (Final Project)/downloads_mp3/2019/ykMHDKB0-1o - Travis Scott - YOSEMITE (Audio).mp3,none
Like I'm Gonna Lose You (feat. John Legend),Meghan Trainor,2015,Soul,Pop,0.35159844,False,c:/Users/adief/OneDrive/Dokumen/Semester 5/Data Mining 2/Week 14 (Final Project)/downloads_mp3/all_years/ShgXkSHMSm0 - Meghan Trainor - Like I'm Gonna Lose You (Official Audio) ft. John Legend.mp3,noise
Love on the Brain,Rihanna,2017,R&B,Pop,0.5987619,False,c:/Users/adief/OneDrive/Dokumen/Semester 5/Data Mining 2/Week 14 (Final Project)/downloads_mp3/2017/NsW5uu_w1A0 - Love On The Brain.mp3,noise
Akhir Cerita Cinta,Glenn Fredly,2022,Pop,Pop,0.9958591,True,c:/Users/adief/OneDrive/Dokumen/Semester 5/Data Mining 2/Week 14 (Final Project)/downloads_mp3/2021/dO7TUKGFui8 - Glenn Fredly - Akhir Cerita Cinta (Official Audio).mp3,none
Rumah Singgah,Fabio Asher,2022,Pop,Pop,0.98528165,True,c:/Users/adief/OneDrive/Dokumen/Semester 5/Data Mining 2/Week 14 (Final Project)/downloads_mp3/all_years/RCYHpwtvqrE - Rumah Singgah.mp3,pitch
Rich & Sad,Post Malone,2018,Hip Hop,Hip Hop,0.96809703,True,c:/Users/adief/OneDrive/Dokumen/Semester 5/Data Mining 2/Week 14 (Final Project)/downloads_mp3/2018/r3PZv4b97l4 - Rich & Sad.mp3,pitch
Thinking Out Loud,Ed Sheeran,2016,Pop,Pop,0.9233747,True,c:/Users/adief/OneDrive/Dokumen/Semester 5/Data Mining 2/Week 14 (Final Project)/downloads_mp3/all_years/WpyfrixXBqU - Ed Sheeran - Thinking Out Loud [Official Audio].mp3,none
Serana,For Revenge,2023,Pop,Rock,0.57877654,False,c:/Users/adief/OneDrive/Dokumen/Semester 5/Data Mining 2/Week 14 (Final Project)/downloads_mp3/all_years/bGsMkd8qHWI - For Revenge - Serana (Official Lyric Video).mp3,noise
Menjadi Dia,Tiara Andini,2023,Pop,Pop,0.89702994,True,c:/Users/adief/OneDrive/Dokumen/Semester 5/Data Mining 2/Week 14 (Final Project)/downloads_mp3/2023/x8bwxN2Z4BM - Tiara Andini - Menjadi Dia (Official Lyric Video).mp3,noise
Kau Rumahku,Raissa Anggiani,2023,Pop,Pop,0.97436845,True,c:/Users/adief/OneDrive/Dokumen/Semester 5/Data Mining 2/Week 14 (Final Project)/downloads_mp3/all_years/ZjNVi0iY7Ys - Raissa Anggiani (Rai) - Kau Rumahku (Official Audio).mp3,pitch
Life Goes On,BTS,2021,R&B,Pop,0.40045285,False,c:/Users/adief/OneDrive/Dokumen/Semester 5/Data Mining 2/Week 14 (Final Project)/downloads_mp3/2022/-5q5mZbe3V8 - BTS (방탄소년단) 'Life Goes On' Official MV.mp3,noise
LOYALTY. (feat. Rihanna),Kendrick Lamar,2017,Hip Hop,Hip Hop,0.38330814,True,c:/Users/adief/OneDrive/Dokumen/Semester 5/Data Mining 2/Week 14 (Final Project)/downloads_mp3/all_years/Dlh-dzB2U4Y - Kendrick Lamar - LOYALTY. ft. Rihanna.mp3,none
Nice For What,Drake,2019,Hip Hop,Hip Hop,0.99009925,True,c:/Users/adief/OneDrive/Dokumen/Semester 5/Data Mining 2/Week 14 (Final Project)/downloads_mp3/2018/U9BwWKXjVaI - Drake - Nice For What.mp3,pitch
We Don’t Talk Anymore (feat. Selena Gomez),Charlie Puth,2016,Pop,Pop,0.79147255,True,c:/Users/adief/OneDrive/Dokumen/Semester 5/Data Mining 2/Week 14 (Final Project)/downloads_mp3/2016/Pvcc5yEPpTc - Charlie Puth - We Don't Talk Anymore (feat. Selena Gomez) (Audio).mp3,pitch
FEFE (feat. Nicki Minaj & Murda Beatz),6ix9ine,2018,Hip Hop,Hip Hop,0.99566615,True,"c:/Users/adief/OneDrive/Dokumen/Semester 5/Data Mining 2/Week 14 (Final Project)/downloads_mp3/all_years/V_MXGdSBbAI - 6ix9ine - FEFE ft. Nicki Minaj, Murda Beatz.mp3",none
Style,Taylor Swift,2023,Pop,Pop,0.9936147,True,c:/Users/adief/OneDrive/Dokumen/Semester 5/Data Mining 2/Week 14 (Final Project)/downloads_mp3/2016/66TQBtlRKc4 - Taylor Swift - Style (Audio).mp3,pitch
People,Libianca,2023,Pop,Soul,0.49201375,False,c:/Users/adief/OneDrive/Dokumen/Semester 5/Data Mining 2/Week 14 (Final Project)/downloads_mp3/2023/5Zfe9PnT8Qo - People.mp3,noise
I Ain't Worried,OneRepublic,2022,Pop,Pop,0.5257571,True,c:/Users/adief/OneDrive/Dokumen/Semester 5/Data Mining 2/Week 14 (Final Project)/downloads_mp3/2022/mNEUkkoUoIA - OneRepublic - I Ain’t Worried (From “Top Gun： Maverick”) [Official Music Video].mp3,pitch
Heather,Conan Gray,2021,Pop,Pop,0.86144876,True,c:/Users/adief/OneDrive/Dokumen/Semester 5/Data Mining 2/Week 14 (Final Project)/downloads_mp3/all_years/GPUg7n8-M6o - Conan Gray - Heather (Official Lyric Video).mp3,pitch
Runtuh,Feby Putri,2023,Pop,Pop,0.96369773,True,c:/Users/adief/OneDrive/Dokumen/Semester 5/Data Mining 2/Week 14 (Final Project)/downloads_mp3/all_years/YrtS8MESh0I - Runtuh - Feby Putri feat. Fiersa Besari (Official Visualizer).mp3,pitch
Sanctuary,Joji,2022,Pop,Soul,0.8073974,False,c:/Users/adief/OneDrive/Dokumen/Semester 5/Data Mining 2/Week 14 (Final Project)/downloads_mp3/all_years/ZEY9UCzzbcQ - Sanctuary.mp3,noise
Build a Bitch,Bella Poarch,2021,R&B,Pop,0.5269655,False,c:/Users/adief/OneDrive/Dokumen/Semester 5/Data Mining 2/Week 14 (Final Project)/downloads_mp3/2021/o4evZ9foxBk - Bella Poarch - Build A B＊tch (Official Lyric Video).mp3,none
As It Was,Harry Styles,2022,Pop,Pop,0.9890749,True,c:/Users/adief/OneDrive/Dokumen/Semester 5/Data Mining 2/Week 14 (Final Project)/downloads_mp3/2022/V1Z586zoeeE - Harry Styles - As It Was (Audio).mp3,none
Issues,Julia Michaels,2017,EDM,Pop,0.46739775,False,c:/Users/adief/OneDrive/Dokumen/Semester 5/Data Mining 2/Week 14 (Final Project)/downloads_mp3/2017/7dqMyh4ILIg - Julia Michaels - Issues (Audio).mp3,noise
august,Taylor Swift,2023,Pop,Indie,0.6484255,False,c:/Users/adief/OneDrive/Dokumen/Semester 5/Data Mining 2/Week 14 (Final Project)/downloads_mp3/all_years/nn_0zPAfyo8 - Taylor Swift – august (Official Lyric Video).mp3,noise
Ric Flair Drip,Offset,2018,Pop,Hip Hop,0.4221056,False,c:/Users/adief/OneDrive/Dokumen/Semester 5/Data Mining 2/Week 14 (Final Project)/downloads_mp3/all_years/OwbI9IY9Roo - Offset & Metro Boomin  - ＂Ric Flair Drip＂ (Official Audio).mp3,pitch
Sahabat Dulu (From Layangan Putus),Prinsa Mandagie,2022,Pop,Pop,0.71343666,True,c:/Users/adief/OneDrive/Dokumen/Semester 5/Data Mining 2/Week 14 (Final Project)/downloads_mp3/all_years/RWinOPg_Rcg - Sahabat Dulu (From Layangan Putus).mp3,noise
Perfect Duet (with Beyoncé),Ed Sheeran,2018,Pop,Pop,0.9620495,True,c:/Users/adief/OneDrive/Dokumen/Semester 5/Data Mining 2/Week 14 (Final Project)/downloads_mp3/2018/817P8W8-mGE - Ed Sheeran - Perfect Duet (with Beyoncé) [Official Audio].mp3,noise
Muak,Aruma,2023,Pop,Pop,0.46279594,True,c:/Users/adief/OneDrive/Dokumen/Semester 5/Data Mining 2/Week 14 (Final Project)/downloads_mp3/all_years/6r5Bj_7VPwE - Aruma - Muak (Official Music Video).mp3,pitch
Typa Girl,BLACKPINK,2023,Hip Hop,Hip Hop,0.97757906,True,c:/Users/adief/OneDrive/Dokumen/Semester 5/Data Mining 2/Week 14 (Final Project)/downloads_mp3/2023/UhxW9Njqqu0 - BLACKPINK - ‘Typa Girl’ (Official Audio).mp3,pitch
Under the Influence,Chris Brown,2023,Hip Hop,R&B,0.3944738,False,c:/Users/adief/OneDrive/Dokumen/Semester 5/Data Mining 2/Week 14 (Final Project)/downloads_mp3/2023/LPnDCTqW7zw - Chris Brown - Under The Influence (Audio).mp3,none
Something Just Like This,The Chainsmokers,2017,Pop,EDM,0.5661106,False,c:/Users/adief/OneDrive/Dokumen/Semester 5/Data Mining 2/Week 14 (Final Project)/downloads_mp3/2017/FM7MFYoylVs - The Chainsmokers & Coldplay - Something Just Like This (Official Lyric Video).mp3,pitch
Cheap Thrills,Sia,2016,EDM,Pop,0.5087973,False,c:/Users/adief/OneDrive/Dokumen/Semester 5/Data Mining 2/Week 14 (Final Project)/downloads_mp3/2016/J1b22l1kFKY - Sia - Cheap Thrills (Official Audio).mp3,none
At My Worst,Pink Sweat$,2021,Pop,R&B,0.3767001,False,c:/Users/adief/OneDrive/Dokumen/Semester 5/Data Mining 2/Week 14 (Final Project)/downloads_mp3/all_years/VXzAJd8UJl8 - Pink Sweat$ - At My Worst [Official Audio].mp3,noise
SICKO MODE,Travis Scott,2019,Hip Hop,Hip Hop,0.987678,True,c:/Users/adief/OneDrive/Dokumen/Semester 5/Data Mining 2/Week 14 (Final Project)/downloads_mp3/2019/d-JBBNg8YKs - Travis Scott - SICKO MODE (Audio).mp3,none
Dirt on My Boots,Jon Pardi,2017,Rock,Country,0.97900534,False,c:/Users/adief/OneDrive/Dokumen/Semester 5/Data Mining 2/Week 14 (Final Project)/downloads_mp3/all_years/gCxbgqyC2Wg - Jon Pardi - Dirt On My Boots (Official Lyric Video).mp3,none
Butter,BTS,2022,Pop,Pop,0.956593,True,c:/Users/adief/OneDrive/Dokumen/Semester 5/Data Mining 2/Week 14 (Final Project)/downloads_mp3/2022/o9mLyHtSLjk - BTS (방탄소년단) 'Butter''.mp3,pitch
Wildest Dreams,Taylor Swift,2016,Pop,Pop,0.96505284,True,c:/Users/adief/OneDrive/Dokumen/Semester 5/Data Mining 2/Week 14 (Final Project)/downloads_mp3/2016/CUr_UwUUXzU - Taylor Swift - Wildest Dreams (Taylor’s Version) (Official Audio).mp3,none
Always,Daniel Caesar,2023,Pop,Soul,0.5396774,False,c:/Users/adief/OneDrive/Dokumen/Semester 5/Data Mining 2/Week 14 (Final Project)/downloads_mp3/2025/pKFd12id5oQ - Daniel Caesar - Always (Official Audio).mp3,noise
Shut Down,BLACKPINK,2023,Hip Hop,Hip Hop,0.9446201,True,c:/Users/adief/OneDrive/Dokumen/Semester 5/Data Mining 2/Week 14 (Final Project)/downloads_mp3/all_years/JDRyqUx1X8M - BLACKPINK - ‘Shut Down’ (Official Audio).mp3,pitch
Photograph,Ed Sheeran,2016,Pop,Pop,0.99239045,True,c:/Users/adief/OneDrive/Dokumen/Semester 5/Data Mining 2/Week 14 (Final Project)/downloads_mp3/2016/KKQl-pIRQMY - Ed Sheeran - Photograph (Official Lyric Video).mp3,pitch
Jiwa Yang Bersedih,Ghea Indrawari,2023,R&B,Pop,0.6176616,False,c:/Users/adief/OneDrive/Dokumen/Semester 5/Data Mining 2/Week 14 (Final Project)/downloads_mp3/2023/t9VWICGOD90 - GHEA INDRAWARI - JIWA YANG BERSEDIH (OFFICIAL MUSIC VIDEO).mp3,noise
Adventure of a Lifetime,Coldplay,2016,Pop,Pop,0.98347616,True,c:/Users/adief/OneDrive/Dokumen/Semester 5/Data Mining 2/Week 14 (Final Project)/downloads_mp3/2016/QtXby3twMmI - Coldplay - Adventure Of A Lifetime (Official Video).mp3,pitch
Bertahan Terluka,Fabio Asher,2022,Pop,Pop,0.84871787,True,c:/Users/adief/OneDrive/Dokumen/Semester 5/Data Mining 2/Week 14 (Final Project)/downloads_mp3/all_years/FhJiMxWLzFQ - Bertahan Terluka.mp3,none
Dandelions,Ruth B.,2021,R&B,R&B,0.98597556,True,c:/Users/adief/OneDrive/Dokumen/Semester 5/Data Mining 2/Week 14 (Final Project)/downloads_mp3/2021/W8a4sUabCUo - Ruth B. - Dandelions (Audio).mp3,none
The Greatest (feat. Kendrick Lamar),Sia,2016,EDM,Pop,0.84035337,False,c:/Users/adief/OneDrive/Dokumen/Semester 5/Data Mining 2/Week 14 (Final Project)/downloads_mp3/all_years/sG6aWhZnbfw - Sia - The Greatest (Official Audio) ft. Kendrick Lamar.mp3,pitch
Cold Heart (PNAU Remix),Elton John,2022,Hip Hop,Pop,0.4917265,False,"c:/Users/adief/OneDrive/Dokumen/Semester 5/Data Mining 2/Week 14 (Final Project)/downloads_mp3/all_years/qod03PVTLqk - Elton John, Dua Lipa - Cold Heart (PNAU Remix) (Official Video).mp3",noise
Monolog,Pamungkas,2021,R&B,Indie,0.2919083,False,c:/Users/adief/OneDrive/Dokumen/Semester 5/Data Mining 2/Week 14 (Final Project)/downloads_mp3/2025/-mwsPoerFWU - Pamungkas - Monolog (Lyrics Video).mp3,none
Hello,Adele,2016,Pop,Pop,0.9621941,True,c:/Users/adief/OneDrive/Dokumen/Semester 5/Data Mining 2/Week 14 (Final Project)/downloads_mp3/all_years/T1tl66trXTQ - Adele - Hello.mp3,none
Taki Taki (feat. Selena Gomez. Ozuna & Cardi B),DJ Snake,2019,Hip Hop,Pop,0.4324738,False,"c:/Users/adief/OneDrive/Dokumen/Semester 5/Data Mining 2/Week 14 (Final Project)/downloads_mp3/2019/ixkoVwKQaJg - DJ Snake - Taki Taki ft. Selena Gomez, Ozuna, Cardi B (Official Music Video).mp3",noise
MONEY,LISA,2022,Pop,Pop,0.5397888,True,c:/Users/adief/OneDrive/Dokumen/Semester 5/Data Mining 2/Week 14 (Final Project)/downloads_mp3/all_years/vrZA5m4DBr4 - LISA - MONEY [Audio].mp3,pitch
Rumah Singgah,Fabio Asher,2023,Pop,Pop,0.98528165,True,c:/Users/adief/OneDrive/Dokumen/Semester 5/Data Mining 2/Week 14 (Final Project)/downloads_mp3/all_years/RCYHpwtvqrE - Rumah Singgah.mp3,pitch
Nonstop,Drake,2018,Hip Hop,Hip Hop,0.98908055,True,c:/Users/adief/OneDrive/Dokumen/Semester 5/Data Mining 2/Week 14 (Final Project)/downloads_mp3/2018/QVqS3tB8OtE - Nonstop.mp3,none
INDUSTRY BABY,Lil Nas X,2022,Hip Hop,Hip Hop,0.7650061,True,c:/Users/adief/OneDrive/Dokumen/Semester 5/Data Mining 2/Week 14 (Final Project)/downloads_mp3/all_years/eg-AwKRUFec - INDUSTRY BABY.mp3,none
Pamit,Tulus,2016,Hip Hop,Pop,0.89416015,False,c:/Users/adief/OneDrive/Dokumen/Semester 5/Data Mining 2/Week 14 (Final Project)/downloads_mp3/all_years/3xNp8sjMOiU - TULUS - Pamit (Official Lyric Video).mp3,pitch
Hello,Adele,2016,Pop,Pop,0.95207345,True,c:/Users/adief/OneDrive/Dokumen/Semester 5/Data Mining 2/Week 14 (Final Project)/downloads_mp3/all_years/T1tl66trXTQ - Adele - Hello.mp3,pitch
Next Level,aespa,2021,Pop,Pop,0.9665678,True,c:/Users/adief/OneDrive/Dokumen/Semester 5/Data Mining 2/Week 14 (Final Project)/downloads_mp3/all_years/ZNZj64oIBqc - aespa (에스파) - Next Level (Audio).mp3,none
Act Up,City Girls,2019,Hip Hop,Hip Hop,0.7373465,True,c:/Users/adief/OneDrive/Dokumen/Semester 5/Data Mining 2/Week 14 (Final Project)/downloads_mp3/all_years/UrfIZgAfhAM - City Girls - Act Up (Audio).mp3,noise
Where Are Ü Now (with Justin Bieber),Jack Ü,2015,EDM,EDM,0.58027875,True,c:/Users/adief/OneDrive/Dokumen/Semester 5/Data Mining 2/Week 14 (Final Project)/downloads_mp3/all_years/nntGTK2Fhb0 - Skrillex and Diplo - ＂Where Are Ü Now＂ with Justin Bieber (Official Video).mp3,noise
Closer (feat. Halsey),The Chainsmokers,2016,EDM,EDM,0.98477525,True,c:/Users/adief/OneDrive/Dokumen/Semester 5/Data Mining 2/Week 14 (Final Project)/downloads_mp3/2016/5XggbNWy3NA - The Chainsmokers - Closer (feat. Halsey) [Official Audio].mp3,none
How You Like That,BLACKPINK,2021,Pop,Pop,0.9606631,True,c:/Users/adief/OneDrive/Dokumen/Semester 5/Data Mining 2/Week 14 (Final Project)/downloads_mp3/2021/mIuNiH2MAO8 - BLACKPINK - 'How You Like That' (Official Audio).mp3,noise
Perfect,One Direction,2016,Pop,Pop,0.7978863,True,c:/Users/adief/OneDrive/Dokumen/Semester 5/Data Mining 2/Week 14 (Final Project)/downloads_mp3/2016/6poJkzAl6Ss - One Direction - Perfect (Audio).mp3,noise
Light Switch,Charlie Puth,2022,R&B,Pop,0.5063914,False,c:/Users/adief/OneDrive/Dokumen/Semester 5/Data Mining 2/Week 14 (Final Project)/downloads_mp3/2022/WFsAon_TWPQ - Charlie Puth - Light Switch [Official Music Video].mp3,noise
Castle on the Hill,Ed Sheeran,2017,Pop,Pop,0.88825345,True,c:/Users/adief/OneDrive/Dokumen/Semester 5/Data Mining 2/Week 14 (Final Project)/downloads_mp3/all_years/7Qp5vcuMIlk - Ed Sheeran - Castle On The Hill [Official Lyric Video].mp3,noise
Thinking Out Loud,Ed Sheeran,2016,Pop,Pop,0.95285225,True,c:/Users/adief/OneDrive/Dokumen/Semester 5/Data Mining 2/Week 14 (Final Project)/downloads_mp3/all_years/WpyfrixXBqU - Ed Sheeran - Thinking Out Loud [Official Audio].mp3,pitch
Don't Call Me Up,Mabel,2019,Pop,Pop,0.897417,True,c:/Users/adief/OneDrive/Dokumen/Semester 5/Data Mining 2/Week 14 (Final Project)/downloads_mp3/2019/V35iQO30Xys - Mabel - Don't Call Me Up.mp3,pitch
All We Know (feat. Phoebe Ryan),The Chainsmokers,2016,Pop,EDM,0.63927984,False,c:/Users/adief/OneDrive/Dokumen/Semester 5/Data Mining 2/Week 14 (Final Project)/downloads_mp3/2016/lEi_XBg2Fpk - The Chainsmokers - All We Know (Audio) ft. Phoebe Ryan.mp3,noise
Red Roses (feat. Landon Cube),Lil Skies,2018,Hip Hop,Hip Hop,0.9573726,True,c:/Users/adief/OneDrive/Dokumen/Semester 5/Data Mining 2/Week 14 (Final Project)/downloads_mp3/all_years/WlosjSe5B8c - Lil Skies - Red Roses ft. Landon Cube (Official Music Video).mp3,none
Sanguine Paradise,Lil Uzi Vert,2019,EDM,Pop,0.59172404,False,c:/Users/adief/OneDrive/Dokumen/Semester 5/Data Mining 2/Week 14 (Final Project)/downloads_mp3/all_years/INsVZ3ACwas - Lil Uzi Vert - Sanguine Paradise [Official Audio].mp3,noise
Plug Walk,Rich The Kid,2018,Hip Hop,Hip Hop,0.9732544,True,c:/Users/adief/OneDrive/Dokumen/Semester 5/Data Mining 2/Week 14 (Final Project)/downloads_mp3/all_years/SXMhL_UoVWw - Rich The Kid - Plug Walk (Audio).mp3,pitch
Youngblood,5 Seconds of Summer,2018,Rock,Rock,0.7718271,True,c:/Users/adief/OneDrive/Dokumen/Semester 5/Data Mining 2/Week 14 (Final Project)/downloads_mp3/all_years/CXNv4_wQjKQ - Youngblood.mp3,pitch
Shallow,Lady Gaga,2019,Hip Hop,Rock,0.4085074,False,c:/Users/adief/OneDrive/Dokumen/Semester 5/Data Mining 2/Week 14 (Final Project)/downloads_mp3/2020/BpIf43m2ZQI - Shallow (Radio Edit).mp3,none
Belum Siap Kehilangan,Stevan Pasaribu,2021,Pop,Pop,0.4952707,True,c:/Users/adief/OneDrive/Dokumen/Semester 5/Data Mining 2/Week 14 (Final Project)/downloads_mp3/all_years/0ru5Ox8f_vs - Stevan Pasaribu - Belum Siap Kehilangan (Official Music Video).mp3,noise
God's Plan,Drake,2018,Hip Hop,Hip Hop,0.5849859,True,c:/Users/adief/OneDrive/Dokumen/Semester 5/Data Mining 2/Week 14 (Final Project)/downloads_mp3/2019/m1a_GqJf02M - God's Plan.mp3,noise
Tap (feat. Meek Mill),NAV,2019,Hip Hop,Hip Hop,0.99342173,True,c:/Users/adief/OneDrive/Dokumen/Semester 5/Data Mining 2/Week 14 (Final Project)/downloads_mp3/2019/sSx5BRWvaV4 - NAV - Tap ft. Meek Mill (Official Audio).mp3,none
Feel My Rhythm,Red Velvet,2022,EDM,Pop,0.43935055,False,c:/Users/adief/OneDrive/Dokumen/Semester 5/Data Mining 2/Week 14 (Final Project)/downloads_mp3/2022/77jO8zNngZY - Feel My Rhythm.mp3,pitch
Tak Ingin Usai,Keisya Levronka,2022,Pop,Pop,0.94401276,True,c:/Users/adief/OneDrive/Dokumen/Semester 5/Data Mining 2/Week 14 (Final Project)/downloads_mp3/2023/FB1YNEOspyA - Keisya Levronka - Tak Ingin Usai (Official Lyric Video).mp3,pitch
Yes Indeed,Lil Baby,2018,Hip Hop,Hip Hop,0.99054104,True,c:/Users/adief/OneDrive/Dokumen/Semester 5/Data Mining 2/Week 14 (Final Project)/downloads_mp3/all_years/1_W6QZclahA - The Making Of Lil Baby & Drake's ＂Yes Indeed＂ With Wheezy ｜ Deconstructed.mp3,none
Intentions (feat. Quavo),Justin Bieber,2022,Hip Hop,Pop,0.93245393,False,c:/Users/adief/OneDrive/Dokumen/Semester 5/Data Mining 2/Week 14 (Final Project)/downloads_mp3/2022/VI8lrXNSLnA - Justin Bieber - Intentions (Official Lyric Video) ft. Quavo.mp3,noise
There's Nothing Holdin' Me Back,Shawn Mendes,2017,Pop,Pop,0.9800976,True,c:/Users/adief/OneDrive/Dokumen/Semester 5/Data Mining 2/Week 14 (Final Project)/downloads_mp3/all_years/Bt6TmXqRCb4 - Shawn Mendes ‒ There's Nothing Holding Me Back (Lyrics).mp3,none
Better When I'm Dancin',Meghan Trainor,2016,Pop,Pop,0.88657886,True,c:/Users/adief/OneDrive/Dokumen/Semester 5/Data Mining 2/Week 14 (Final Project)/downloads_mp3/2016/pkCyfBibIbI - Meghan Trainor - Better When I'm Dancin' (Official Video).mp3,noise
Tap (feat. Meek Mill),NAV,2019,Hip Hop,Hip Hop,0.9709891,True,c:/Users/adief/OneDrive/Dokumen/Semester 5/Data Mining 2/Week 14 (Final Project)/downloads_mp3/2019/sSx5BRWvaV4 - NAV - Tap ft. Meek Mill (Official Audio).mp3,pitch
See You Again (feat. Charlie Puth),Wiz Khalifa,2016,Hip Hop,Pop,0.69339037,False,c:/Users/adief/OneDrive/Dokumen/Semester 5/Data Mining 2/Week 14 (Final Project)/downloads_mp3/2016/xl8thVrlvjI - See You Again (feat. Charlie Puth).mp3,pitch
Post to Be (feat. Chris Brown & Jhene Aiko),Omarion,2015,Hip Hop,Hip Hop,0.52227706,True,c:/Users/adief/OneDrive/Dokumen/Semester 5/Data Mining 2/Week 14 (Final Project)/downloads_mp3/2018/SC4xMk98Pdc - Post Malone - Congratulations (Official Music Video) ft. Quavo.mp3,noise
Taste (feat. Offset),Tyga,2019,Hip Hop,Hip Hop,0.9891762,True,c:/Users/adief/OneDrive/Dokumen/Semester 5/Data Mining 2/Week 14 (Final Project)/downloads_mp3/2018/KmCyl1yfzw0 - Taste (feat. Offset).mp3,none
These Days (feat. Jess Glynne. Macklemore & Dan Caplen),Rudimental,2018,Pop,Pop,0.9575407,True,"c:/Users/adief/OneDrive/Dokumen/Semester 5/Data Mining 2/Week 14 (Final Project)/downloads_mp3/2018/pjTj-_55WZ8 - Rudimental - These Days (feat. Jess Glynne, Macklemore & Dan Caplen) [Official Video].mp3",pitch
Outside Today,YoungBoy Never Broke Again,2018,Hip Hop,Hip Hop,0.8639831,True,c:/Users/adief/OneDrive/Dokumen/Semester 5/Data Mining 2/Week 14 (Final Project)/downloads_mp3/all_years/4oBkazzTwPY - YoungBoy Never Broke Again - ＂Outside Today＂ (Official Audio).mp3,none
Drowning (feat. Kodak Black),A Boogie wit da Hoodie,2017,Hip Hop,Hip Hop,0.97750854,True,c:/Users/adief/OneDrive/Dokumen/Semester 5/Data Mining 2/Week 14 (Final Project)/downloads_mp3/all_years/rvaJ7QlhH0g - A Boogie Wit Da Hoodie - Drowning (feat. Kodak Black) [Official Audio].mp3,noise
Locked Away (feat. Adam Levine),R. City,2016,R&B,R&B,0.47814482,True,c:/Users/adief/OneDrive/Dokumen/Semester 5/Data Mining 2/Week 14 (Final Project)/downloads_mp3/all_years/YQY9BZBrZds - R. City - Locked Away (Audio) ft. Adam Levine.mp3,noise
Tak Ingin Usai,Keisya Levronka,2023,Pop,Pop,0.9901273,True,c:/Users/adief/OneDrive/Dokumen/Semester 5/Data Mining 2/Week 14 (Final Project)/downloads_mp3/2023/FB1YNEOspyA - Keisya Levronka - Tak Ingin Usai (Official Lyric Video).mp3,none
One Call Away,Charlie Puth,2016,Pop,Pop,0.8070732,True,c:/Users/adief/OneDrive/Dokumen/Semester 5/Data Mining 2/Week 14 (Final Project)/downloads_mp3/2016/3lcSFAItC4E - Charlie Puth - One Call Away Official Audio.mp3,noise
Don't Call Me Up,Mabel,2019,Hip Hop,Pop,0.3656382,False,c:/Users/adief/OneDrive/Dokumen/Semester 5/Data Mining 2/Week 14 (Final Project)/downloads_mp3/2019/V35iQO30Xys - Mabel - Don't Call Me Up.mp3,noise
Glimpse of Us,Joji,2022,Pop,Pop,0.5232648,True,c:/Users/adief/OneDrive/Dokumen/Semester 5/Data Mining 2/Week 14 (Final Project)/downloads_mp3/all_years/FvOpPeKSf_4 - Joji -  Glimpse of Us.mp3,noise
The Greatest (feat. Kendrick Lamar),Sia,2016,EDM,Pop,0.591605,False,c:/Users/adief/OneDrive/Dokumen/Semester 5/Data Mining 2/Week 14 (Final Project)/downloads_mp3/all_years/sG6aWhZnbfw - Sia - The Greatest (Official Audio) ft. Kendrick Lamar.mp3,none
Nice For What,Drake,2018,Hip Hop,Hip Hop,0.98743236,True,c:/Users/adief/OneDrive/Dokumen/Semester 5/Data Mining 2/Week 14 (Final Project)/downloads_mp3/2018/U9BwWKXjVaI - Drake - Nice For What.mp3,none
Bank Account,21 Savage,2018,Hip Hop,Hip Hop,0.43635657,True,c:/Users/adief/OneDrive/Dokumen/Semester 5/Data Mining 2/Week 14 (Final Project)/downloads_mp3/all_years/sV2t3tW_JTQ - 21 Savage - Bank Account (Official Audio).mp3,pitch
Mercy,Shawn Mendes,2017,R&B,Pop,0.45848864,False,c:/Users/adief/OneDrive/Dokumen/Semester 5/Data Mining 2/Week 14 (Final Project)/downloads_mp3/all_years/caKHTxwR49w - Mercy - Shawn Mendes (Audio).mp3,noise
Kill Bill,SZA,2023,R&B,R&B,0.8164119,True,c:/Users/adief/OneDrive/Dokumen/Semester 5/Data Mining 2/Week 14 (Final Project)/downloads_mp3/all_years/SQnc1QibapQ - SZA - Kill Bill (Official Audio).mp3,none
Thunder,Imagine Dragons,2018,Rock,Rock,0.9262788,True,c:/Users/adief/OneDrive/Dokumen/Semester 5/Data Mining 2/Week 14 (Final Project)/downloads_mp3/all_years/4AqjqOqNrjw - Imagine Dragons - Thunder (Audio).mp3,none
Satu-Satu,Idgitaf,2023,Pop,Pop,0.9768082,True,c:/Users/adief/OneDrive/Dokumen/Semester 5/Data Mining 2/Week 14 (Final Project)/downloads_mp3/all_years/OPUTzPAluig - Idgitaf - Satu-Satu (Official Lyric Video).mp3,pitch
Young Dumb & Broke,Khalid,2018,Hip Hop,R&B,0.5076524,False,c:/Users/adief/OneDrive/Dokumen/Semester 5/Data Mining 2/Week 14 (Final Project)/downloads_mp3/2018/g9Aaf1fWdLQ - Khalid - Young Dumb & Broke (Audio).mp3,none
This Town,Niall Horan,2017,Pop,Folk,0.9247866,False,c:/Users/adief/OneDrive/Dokumen/Semester 5/Data Mining 2/Week 14 (Final Project)/downloads_mp3/all_years/ic1l36GrNOU - Niall Horan - This Town (Official Lyric Video).mp3,none
Left and Right,Charlie Puth,2022,Pop,Pop,0.9874041,True,c:/Users/adief/OneDrive/Dokumen/Semester 5/Data Mining 2/Week 14 (Final Project)/downloads_mp3/2023/a7GITgqwDVg - Charlie Puth - Left And Right (feat. Jung Kook of BTS) [Official Video].mp3,none
Heather,Conan Gray,2021,Pop,Pop,0.9877479,True,c:/Users/adief/OneDrive/Dokumen/Semester 5/Data Mining 2/Week 14 (Final Project)/downloads_mp3/all_years/GPUg7n8-M6o - Conan Gray - Heather (Official Lyric Video).mp3,none
Heathens,twenty one pilots,2017,Hip Hop,Rock,0.7565273,False,c:/Users/adief/OneDrive/Dokumen/Semester 5/Data Mining 2/Week 14 (Final Project)/downloads_mp3/2017/UprcpdwuwCg - twenty one pilots： Heathens (from Suicide Squad： The Album) [OFFICIAL VIDEO].mp3,pitch
Runtuh,Feby Putri,2023,Pop,Pop,0.81839836,True,c:/Users/adief/OneDrive/Dokumen/Semester 5/Data Mining 2/Week 14 (Final Project)/downloads_mp3/all_years/YrtS8MESh0I - Runtuh - Feby Putri feat. Fiersa Besari (Official Visualizer).mp3,none
Angel Baby,Troye Sivan,2022,Pop,Pop,0.30205688,True,c:/Users/adief/OneDrive/Dokumen/Semester 5/Data Mining 2/Week 14 (Final Project)/downloads_mp3/2023/tyYwOEKKcZc - Troye Sivan - Angel Baby (Visualiser).mp3,pitch
Like I'm Gonna Lose You (feat. John Legend),Meghan Trainor,2015,Country,Pop,0.55905086,False,c:/Users/adief/OneDrive/Dokumen/Semester 5/Data Mining 2/Week 14 (Final Project)/downloads_mp3/all_years/ShgXkSHMSm0 - Meghan Trainor - Like I'm Gonna Lose You (Official Audio) ft. John Legend.mp3,none
Nobody Gets Me,SZA,2023,R&B,R&B,0.7482975,True,c:/Users/adief/OneDrive/Dokumen/Semester 5/Data Mining 2/Week 14 (Final Project)/downloads_mp3/2024/7frfkBdV0-w - SZA - Nobody Gets Me (Audio).mp3,none
LOYALTY. (feat. Rihanna),Kendrick Lamar,2017,Hip Hop,Hip Hop,0.36088452,True,c:/Users/adief/OneDrive/Dokumen/Semester 5/Data Mining 2/Week 14 (Final Project)/downloads_mp3/all_years/Dlh-dzB2U4Y - Kendrick Lamar - LOYALTY. ft. Rihanna.mp3,noise
It Ain't Me,Kygo,2017,Pop,EDM,0.35683054,False,c:/Users/adief/OneDrive/Dokumen/Semester 5/Data Mining 2/Week 14 (Final Project)/downloads_mp3/all_years/D5drYkLiLI8 - Kygo & Selena Gomez - It Ain't Me (Audio).mp3,noise
Swalla (feat. Nicki Minaj & Ty Dolla $ign),Jason Derulo,2017,EDM,EDM,0.4708189,True,c:/Users/adief/OneDrive/Dokumen/Semester 5/Data Mining 2/Week 14 (Final Project)/downloads_mp3/2017/NGLxoKOvzu4 - Jason Derulo - Swalla (feat. Nicki Minaj & Ty Dolla $ign) [Official Music Video].mp3,pitch
Tap (feat. Meek Mill),NAV,2019,Hip Hop,Hip Hop,0.93428856,True,c:/Users/adief/OneDrive/Dokumen/Semester 5/Data Mining 2/Week 14 (Final Project)/downloads_mp3/2019/sSx5BRWvaV4 - NAV - Tap ft. Meek Mill (Official Audio).mp3,noise
Secukupnya,Hindia,2021,EDM,Indie,0.59909683,False,c:/Users/adief/OneDrive/Dokumen/Semester 5/Data Mining 2/Week 14 (Final Project)/downloads_mp3/2021/CoFjB64dKb4 - Hindia - Secukupnya (Official Audio).mp3,pitch
Easy On Me,Adele,2022,Pop,Pop,0.9965659,True,c:/Users/adief/OneDrive/Dokumen/Semester 5/Data Mining 2/Week 14 (Final Project)/downloads_mp3/all_years/X-yIEMduRXk - Adele - Easy On Me (Official Lyric Video).mp3,none
Mob Ties,Drake,2018,Hip Hop,Hip Hop,0.66553247,True,c:/Users/adief/OneDrive/Dokumen/Semester 5/Data Mining 2/Week 14 (Final Project)/downloads_mp3/2018/pzAIhjxEemw - Mob Ties.mp3,noise
If I Can't Have You,Shawn Mendes,2019,Pop,Pop,0.93021095,True,c:/Users/adief/OneDrive/Dokumen/Semester 5/Data Mining 2/Week 14 (Final Project)/downloads_mp3/2019/QIllrXYlEDA - Shawn Mendes - If I Can't Have You (Official Audio).mp3,none
Trip,Ella Mai,2019,EDM,R&B,0.5462782,False,c:/Users/adief/OneDrive/Dokumen/Semester 5/Data Mining 2/Week 14 (Final Project)/downloads_mp3/all_years/JfGD75vHWrU - Ella Mai - Trip (Official Audio).mp3,noise
Shape of You,Ed Sheeran,2018,Pop,Pop,0.9787703,True,c:/Users/adief/OneDrive/Dokumen/Semester 5/Data Mining 2/Week 14 (Final Project)/downloads_mp3/2017/_dK2tDK9grQ - Ed Sheeran - Shape Of You [Official Lyric Video].mp3,noise
I Like It,Cardi B,2019,Hip Hop,Hip Hop,0.97129,True,"c:/Users/adief/OneDrive/Dokumen/Semester 5/Data Mining 2/Week 14 (Final Project)/downloads_mp3/2018/U4fErC9skHE - Cardi B, Bad Bunny & J Balvin - I Like It [Official Audio].mp3",pitch
Melukis Senja,Budi Doremi,2021,EDM,Pop,0.7012054,False,c:/Users/adief/OneDrive/Dokumen/Semester 5/Data Mining 2/Week 14 (Final Project)/downloads_mp3/all_years/Q2iRoPXEG80 - Budi Doremi - Melukis Senja (Official Audio).mp3,none
Shut Down,BLACKPINK,2023,Hip Hop,Hip Hop,0.9840719,True,c:/Users/adief/OneDrive/Dokumen/Semester 5/Data Mining 2/Week 14 (Final Project)/downloads_mp3/all_years/JDRyqUx1X8M - BLACKPINK - ‘Shut Down’ (Official Audio).mp3,none
To the Bone,Pamungkas,2021,Indie,Indie,0.9794191,True,c:/Users/adief/OneDrive/Dokumen/Semester 5/Data Mining 2/Week 14 (Final Project)/downloads_mp3/2021/oIYWenB637c - Pamungkas - To The Bone (Official Music Video).mp3,pitch
Fake Love,Drake,2017,EDM,R&B,0.9223302,False,c:/Users/adief/OneDrive/Dokumen/Semester 5/Data Mining 2/Week 14 (Final Project)/downloads_mp3/2017/jz_01KVkOBI - Fake Love.mp3,pitch
How to Love (feat. Sofia Reyes),Cash Cash,2016,R&B,EDM,0.33463866,False,c:/Users/adief/OneDrive/Dokumen/Semester 5/Data Mining 2/Week 14 (Final Project)/downloads_mp3/2016/peByeoQhjMM - Cash Cash - How To Love ft Sofia Reyes (Official Video).mp3,noise
Permission to Dance,BTS,2021,Pop,Pop,0.84473515,True,c:/Users/adief/OneDrive/Dokumen/Semester 5/Data Mining 2/Week 14 (Final Project)/downloads_mp3/2021/CuklIb9d3fI - BTS (방탄소년단) 'Permission to Dance' Official MV.mp3,none
iSpy (feat. Lil Yachty),KYLE,2017,Pop,Hip Hop,0.6545058,False,c:/Users/adief/OneDrive/Dokumen/Semester 5/Data Mining 2/Week 14 (Final Project)/downloads_mp3/all_years/5XK4v2fgMPU - KYLE - iSpy feat. Lil Yachty [Official Music Video].mp3,noise
Kesempurnaan Cinta,Rizky Febian,2016,Pop,Pop,0.9302718,True,c:/Users/adief/OneDrive/Dokumen/Semester 5/Data Mining 2/Week 14 (Final Project)/downloads_mp3/all_years/XyHhr2XbaGc - Rizky - Kesempurnaan Cinta (Official Music Video).mp3,pitch
Secukupnya,Hindia,2021,Pop,Indie,0.6651876,False,c:/Users/adief/OneDrive/Dokumen/Semester 5/Data Mining 2/Week 14 (Final Project)/downloads_mp3/2021/CoFjB64dKb4 - Hindia - Secukupnya (Official Audio).mp3,noise
Starving (feat. Zedd),Hailee Steinfeld,2017,Pop,EDM,0.6086763,False,"c:/Users/adief/OneDrive/Dokumen/Semester 5/Data Mining 2/Week 14 (Final Project)/downloads_mp3/2016/ScjT8zvT7d0 - Hailee Steinfeld, Grey - Starving ft. Zedd (Lyric Video) ft. Zedd.mp3",noise
Freaky Friday (feat. Chris Brown),Lil Dicky,2018,Pop,Hip Hop,0.7094853,False,c:/Users/adief/OneDrive/Dokumen/Semester 5/Data Mining 2/Week 14 (Final Project)/downloads_mp3/2018/u8eN7ll73Do - Lil Dicky - Freaky Friday (feat. Chris Brown) (Official Audio).mp3,pitch
Yes Indeed,Lil Baby,2019,Hip Hop,Hip Hop,0.99054104,True,c:/Users/adief/OneDrive/Dokumen/Semester 5/Data Mining 2/Week 14 (Final Project)/downloads_mp3/all_years/1_W6QZclahA - The Making Of Lil Baby & Drake's ＂Yes Indeed＂ With Wheezy ｜ Deconstructed.mp3,none
Mob Ties,Drake,2018,Hip Hop,Hip Hop,0.953772,True,c:/Users/adief/OneDrive/Dokumen/Semester 5/Data Mining 2/Week 14 (Final Project)/downloads_mp3/2018/pzAIhjxEemw - Mob Ties.mp3,pitch
golden hour,JVKE,2023,Pop,Pop,0.95662844,True,c:/Users/adief/OneDrive/Dokumen/Semester 5/Data Mining 2/Week 14 (Final Project)/downloads_mp3/all_years/UsR08cY8k0A - JVKE - golden hour (Official Lyric Video).mp3,none
Perfect,Ed Sheeran,2022,Pop,Pop,0.71208864,True,c:/Users/adief/OneDrive/Dokumen/Semester 5/Data Mining 2/Week 14 (Final Project)/downloads_mp3/all_years/iKzRIweSBLA - Ed Sheeran - Perfect [Official Lyric Video].mp3,noise
Shape of You,Ed Sheeran,2017,Pop,Pop,0.9932082,True,c:/Users/adief/OneDrive/Dokumen/Semester 5/Data Mining 2/Week 14 (Final Project)/downloads_mp3/2017/_dK2tDK9grQ - Ed Sheeran - Shape Of You [Official Lyric Video].mp3,none
Menyesal,Yovie Widianto,2023,Pop,Pop,0.8051555,True,"c:/Users/adief/OneDrive/Dokumen/Semester 5/Data Mining 2/Week 14 (Final Project)/downloads_mp3/all_years/eXQwG8zmPDw - Yovie Widianto, Lyodra, Tiara Andini, Ziva Magnolya - Menyesal (Official Music Video).mp3",noise
Closer (feat. Halsey),The Chainsmokers,2016,EDM,EDM,0.9740156,True,c:/Users/adief/OneDrive/Dokumen/Semester 5/Data Mining 2/Week 14 (Final Project)/downloads_mp3/2016/5XggbNWy3NA - The Chainsmokers - Closer (feat. Halsey) [Official Audio].mp3,pitch
Mo Bamba,Sheck Wes,2019,Hip Hop,Hip Hop,0.9901868,True,c:/Users/adief/OneDrive/Dokumen/Semester 5/Data Mining 2/Week 14 (Final Project)/downloads_mp3/2019/VWoIpDVkOH0 - Sheck Wes - Mo Bamba.mp3,pitch
Old Town Road (feat. Billy Ray Cyrus) [Remix],Lil Nas X,2019,Pop,Country,0.6283469,False,c:/Users/adief/OneDrive/Dokumen/Semester 5/Data Mining 2/Week 14 (Final Project)/downloads_mp3/2019/7ysFgElQtjI - Lil Nas X - Old Town Road (feat. Billy Ray Cyrus) [Remix].mp3,noise
Nights Like This (feat. Ty Dolla $ign),Kehlani,2019,R&B,R&B,0.92893285,True,c:/Users/adief/OneDrive/Dokumen/Semester 5/Data Mining 2/Week 14 (Final Project)/downloads_mp3/all_years/SK-Aoa5Ixyk - Kehlani - Nights Like This (Lyrics) ft. Ty Dolla $ign.mp3,none
Dirt on My Boots,Jon Pardi,2017,Rock,Country,0.64799345,False,c:/Users/adief/OneDrive/Dokumen/Semester 5/Data Mining 2/Week 14 (Final Project)/downloads_mp3/all_years/gCxbgqyC2Wg - Jon Pardi - Dirt On My Boots (Official Lyric Video).mp3,pitch
1-800-273-8255 (feat. Alessia Cara & Khalid),Logic & alessia cara,2017,Pop,Pop,0.70116496,True,c:/Users/adief/OneDrive/Dokumen/Semester 5/Data Mining 2/Week 14 (Final Project)/downloads_mp3/all_years/cycUHgg0zzU - Logic - 1-800-273-8255 ft. Alessia Cara & Khalid (Official Audio).mp3,none
Girls Like You (feat. Cardi B),Maroon 5,2018,Pop,Pop,0.9681612,True,c:/Users/adief/OneDrive/Dokumen/Semester 5/Data Mining 2/Week 14 (Final Project)/downloads_mp3/2018/lceAOQkiq-w - Maroon 5 - Girls Like You ft. Cardi B (Lyric Video).mp3,pitch
Maafkan Aku #terlanjurmencinta,Tiara Andini,2022,Pop,Pop,0.93837583,True,c:/Users/adief/OneDrive/Dokumen/Semester 5/Data Mining 2/Week 14 (Final Project)/downloads_mp3/2022/o24tFFUP8vo - Tiara Andini - Maafkan Aku #TerlanjurMencinta (Official Lyric Video).mp3,pitch
Kisah Sempurna,Mahalini,2022,Pop,Pop,0.9684714,True,c:/Users/adief/OneDrive/Dokumen/Semester 5/Data Mining 2/Week 14 (Final Project)/downloads_mp3/2023/8dgEh5crj0I - MAHALINI - KISAH SEMPURNA (OFFICIAL MUSIC VIDEO).mp3,none
Beautiful People (feat. Khalid),Ed Sheeran,2019,Pop,Pop,0.81598514,True,c:/Users/adief/OneDrive/Dokumen/Semester 5/Data Mining 2/Week 14 (Final Project)/downloads_mp3/2020/74yb9E3WY1I - Ed Sheeran - Beautiful People (feat. Khalid) [Official Lyric Video].mp3,pitch
iSpy (feat. Lil Yachty),KYLE,2017,Pop,Hip Hop,0.8570221,False,c:/Users/adief/OneDrive/Dokumen/Semester 5/Data Mining 2/Week 14 (Final Project)/downloads_mp3/all_years/5XK4v2fgMPU - KYLE - iSpy feat. Lil Yachty [Official Music Video].mp3,pitch
Perfect,Ed Sheeran,2018,Pop,Pop,0.9877699,True,c:/Users/adief/OneDrive/Dokumen/Semester 5/Data Mining 2/Week 14 (Final Project)/downloads_mp3/all_years/iKzRIweSBLA - Ed Sheeran - Perfect [Official Lyric Video].mp3,pitch
good 4 u,Olivia Rodrigo,2022,Pop,Pop,0.70332295,True,c:/Users/adief/OneDrive/Dokumen/Semester 5/Data Mining 2/Week 14 (Final Project)/downloads_mp3/2021/aeDdS9aIpck - good 4 u.mp3,none
Rolex,Ayo & Teo,2017,Hip Hop,Hip Hop,0.9597532,True,c:/Users/adief/OneDrive/Dokumen/Semester 5/Data Mining 2/Week 14 (Final Project)/downloads_mp3/2017/rCx4NFNuYgI - Ayo & Teo - Rolex ｜ Prod. BL$$D & BackPack Miller ｜ #rolexchallenge.mp3,noise
Stir Fry,Migos,2018,Hip Hop,Hip Hop,0.9831487,True,c:/Users/adief/OneDrive/Dokumen/Semester 5/Data Mining 2/Week 14 (Final Project)/downloads_mp3/2018/0j82Oygrol0 - Migos - Stir Fry (Official Audio).mp3,none
Freaky Friday (feat. Chris Brown),Lil Dicky,2018,Pop,Hip Hop,0.72744584,False,c:/Users/adief/OneDrive/Dokumen/Semester 5/Data Mining 2/Week 14 (Final Project)/downloads_mp3/2018/u8eN7ll73Do - Lil Dicky - Freaky Friday (feat. Chris Brown) (Official Audio).mp3,none
I Ain't Worried,OneRepublic,2023,Pop,Pop,0.5257571,True,c:/Users/adief/OneDrive/Dokumen/Semester 5/Data Mining 2/Week 14 (Final Project)/downloads_mp3/2022/mNEUkkoUoIA - OneRepublic - I Ain’t Worried (From “Top Gun： Maverick”) [Official Music Video].mp3,pitch
Tutur Batin,Yura Yunita,2022,Pop,Pop,0.39789674,True,c:/Users/adief/OneDrive/Dokumen/Semester 5/Data Mining 2/Week 14 (Final Project)/downloads_mp3/2022/BbsePATM2ww - Yura Yunita - Tutur Batin (Official Lyric Video).mp3,pitch
Wake Up in the Sky,Gucci Mane,2019,Hip Hop,Hip Hop,0.98588055,True,"c:/Users/adief/OneDrive/Dokumen/Semester 5/Data Mining 2/Week 14 (Final Project)/downloads_mp3/all_years/bS1Nf0syICc - Gucci Mane, Bruno Mars, Kodak Black - Wake Up In The Sky (Official Audio).mp3",none
Ghost,Justin Bieber,2022,Pop,EDM,0.9096103,False,c:/Users/adief/OneDrive/Dokumen/Semester 5/Data Mining 2/Week 14 (Final Project)/downloads_mp3/2022/KRUWn3dLoRg - Justin Bieber - Ghost (Visualizer).mp3,none
"thank u, next",Ariana Grande,2021,Pop,Pop,0.99492395,True,"c:/Users/adief/OneDrive/Dokumen/Semester 5/Data Mining 2/Week 14 (Final Project)/downloads_mp3/2025/5OeR5XBEahU - Ariana Grande - thank u, next (audio).mp3",pitch
Chill Bill (feat. J. Davi$ & Spooks),Rob $tone,2017,Hip Hop,Hip Hop,0.96881837,True,c:/Users/adief/OneDrive/Dokumen/Semester 5/Data Mining 2/Week 14 (Final Project)/downloads_mp3/all_years/iDPQQYzWU0Q - Chill Bill.mp3,pitch
drivers license,Olivia Rodrigo,2022,Pop,Pop,0.9909734,True,c:/Users/adief/OneDrive/Dokumen/Semester 5/Data Mining 2/Week 14 (Final Project)/downloads_mp3/2022/tNJhkrpLGT8 - drivers license.mp3,pitch
Beautiful Now (feat. Jon Bellion),Zedd,2016,EDM,EDM,0.41030306,True,c:/Users/adief/OneDrive/Dokumen/Semester 5/Data Mining 2/Week 14 (Final Project)/downloads_mp3/all_years/Sl2HeP8RlfU - Zedd - Beautiful Now ft. Jon Bellion (Official Audio).mp3,pitch
Serana,For Revenge,2023,Pop,Rock,0.5909997,False,c:/Users/adief/OneDrive/Dokumen/Semester 5/Data Mining 2/Week 14 (Final Project)/downloads_mp3/all_years/bGsMkd8qHWI - For Revenge - Serana (Official Lyric Video).mp3,pitch
My Universe,Coldplay,2022,Pop,Pop,0.7256216,True,c:/Users/adief/OneDrive/Dokumen/Semester 5/Data Mining 2/Week 14 (Final Project)/downloads_mp3/2022/bZYPI4mYwhw - Coldplay X BTS - My Universe (Official Lyric Video).mp3,noise
On The Ground,ROSÉ,2021,Pop,Pop,0.9473634,True,c:/Users/adief/OneDrive/Dokumen/Semester 5/Data Mining 2/Week 14 (Final Project)/downloads_mp3/2021/M2M5Tm64swM - ROSÉ - On The Ground (Audio).mp3,pitch
Work from Home (feat. Ty Dolla $ign),Fifth Harmony,2016,Pop,Pop,0.85905796,True,c:/Users/adief/OneDrive/Dokumen/Semester 5/Data Mining 2/Week 14 (Final Project)/downloads_mp3/2016/5GL9JoH4Sws - Fifth Harmony - Work from Home (Official Video) ft. Ty Dolla $ign.mp3,pitch
i hate u. i love u (feat. Olivia O’Brien),gnash,2016,Pop,Pop,0.9933676,True,"c:/Users/adief/OneDrive/Dokumen/Semester 5/Data Mining 2/Week 14 (Final Project)/downloads_mp3/all_years/BiQIc7fG9pA - gnash - i hate u, i love u ft. olivia o'brien (music video).mp3",pitch
Never Recover,Lil Baby,2019,Hip Hop,Hip Hop,0.9666622,True,"c:/Users/adief/OneDrive/Dokumen/Semester 5/Data Mining 2/Week 14 (Final Project)/downloads_mp3/all_years/Hsy4UEBSO44 - Lil Baby, Gunna, Drake - Never Recover (Official Audio).mp3",noise
Lovesick Girls,BLACKPINK,2021,Pop,Pop,0.47208592,True,c:/Users/adief/OneDrive/Dokumen/Semester 5/Data Mining 2/Week 14 (Final Project)/downloads_mp3/2021/kLoqdvCtl9M - Lovesick Girls.mp3,noise
Broccoli (feat. Lil Yachty),DRAM,2017,Hip Hop,Hip Hop,0.674137,True,c:/Users/adief/OneDrive/Dokumen/Semester 5/Data Mining 2/Week 14 (Final Project)/downloads_mp3/2017/K44j-sb1SRY - DRAM - Broccoli feat. Lil Yachty (Official Music Video).mp3,pitch
Better Man,Little Big Town,2017,Pop,Country,0.6971468,False,c:/Users/adief/OneDrive/Dokumen/Semester 5/Data Mining 2/Week 14 (Final Project)/downloads_mp3/2017/ph9NQ8ASmX4 - Little Big Town - Better Man (Official Music Video).mp3,pitch
CAN'T STOP THE FEELING! (Original Song From DreamWorks Animation's TROLLS),Justin Timberlake,2016,Soul,Pop,0.679613,False,c:/Users/adief/OneDrive/Dokumen/Semester 5/Data Mining 2/Week 14 (Final Project)/downloads_mp3/all_years/ru0K8uYEZWw - Justin Timberlake - CAN'T STOP THE FEELING! (from DreamWorks Animation's ＂TROLLS＂) (Official Video).mp3,noise
Sang Dewi,Lyodra,2022,Pop,Pop,0.98984456,True,"c:/Users/adief/OneDrive/Dokumen/Semester 5/Data Mining 2/Week 14 (Final Project)/downloads_mp3/2022/c_Tv_VukoB0 - Lyodra, Andi Rianto - Sang Dewi (Official Lyric Video).mp3",pitch
History,One Direction,2016,EDM,Pop,0.9531102,False,c:/Users/adief/OneDrive/Dokumen/Semester 5/Data Mining 2/Week 14 (Final Project)/downloads_mp3/2016/AGDlC3VDVCc - One Direction - History (Audio).mp3,pitch
Marvin Gaye (feat. Meghan Trainor),Charlie Puth,2015,Pop,Pop,0.99319845,True,c:/Users/adief/OneDrive/Dokumen/Semester 5/Data Mining 2/Week 14 (Final Project)/downloads_mp3/all_years/igNVdlXhKcI - Charlie Puth - Marvin Gaye ft. Meghan Trainor [Official Video].mp3,none
Ransom,Lil Tecca,2019,Hip Hop,Hip Hop,0.8165824,True,c:/Users/adief/OneDrive/Dokumen/Semester 5/Data Mining 2/Week 14 (Final Project)/downloads_mp3/all_years/XLofd-v_Bas - Lil Tecca - Ransom (Official Audio).mp3,noise
Ransom,Lil Tecca,2019,Hip Hop,Hip Hop,0.9814485,True,c:/Users/adief/OneDrive/Dokumen/Semester 5/Data Mining 2/Week 14 (Final Project)/downloads_mp3/all_years/XLofd-v_Bas - Lil Tecca - Ransom (Official Audio).mp3,none
You Need To Calm Down,Taylor Swift,2019,R&B,Pop,0.40415838,False,c:/Users/adief/OneDrive/Dokumen/Semester 5/Data Mining 2/Week 14 (Final Project)/downloads_mp3/all_years/GWtfOHBF1_w - Taylor Swift - You Need To Calm Down (Lyric Video).mp3,pitch
Interaksi,Tulus,2022,Pop,Pop,0.7054776,True,c:/Users/adief/OneDrive/Dokumen/Semester 5/Data Mining 2/Week 14 (Final Project)/downloads_mp3/2024/GIy9ZbH0sHo - TULUS - Interaksi (Official Lyric Video).mp3,noise
About You,The 1975,2023,Indie,Indie,0.77726156,True,c:/Users/adief/OneDrive/Dokumen/Semester 5/Data Mining 2/Week 14 (Final Project)/downloads_mp3/all_years/tGv7CUutzqU - The 1975 - About You (Official).mp3,noise
Look Alive (feat. Drake),BlocBoy JB,2018,Hip Hop,Hip Hop,0.9851777,True,c:/Users/adief/OneDrive/Dokumen/Semester 5/Data Mining 2/Week 14 (Final Project)/downloads_mp3/all_years/kaDPMRMPf_E - Look Alive (feat. Drake).mp3,pitch
Komang,Raim Laode,2023,Pop,Pop,0.80093855,True,c:/Users/adief/OneDrive/Dokumen/Semester 5/Data Mining 2/Week 14 (Final Project)/downloads_mp3/all_years/vl_3mZx88zw - Komang - Raim Laode (Official Video).mp3,pitch
Sneakin' (feat. 21 Savage),Drake,2017,Hip Hop,Hip Hop,0.9955187,True,c:/Users/adief/OneDrive/Dokumen/Semester 5/Data Mining 2/Week 14 (Final Project)/downloads_mp3/all_years/WNW1xRqbt94 - Drake - Sneakin' ft. 21 Savage (Official Video).mp3,none
Congratulations (feat. Quavo),Post Malone,2018,Hip Hop,Hip Hop,0.49804294,True,c:/Users/adief/OneDrive/Dokumen/Semester 5/Data Mining 2/Week 14 (Final Project)/downloads_mp3/2018/SC4xMk98Pdc - Post Malone - Congratulations (Official Music Video) ft. Quavo.mp3,noise
Favorite Girl,Justin Bieber,2022,R&B,Pop,0.78933656,False,c:/Users/adief/OneDrive/Dokumen/Semester 5/Data Mining 2/Week 14 (Final Project)/downloads_mp3/2022/oHeQtFCeGlU - Justin Bieber - Favorite Girl (Lyrics).mp3,pitch
Kill Bill,SZA,2023,Pop,R&B,0.94309443,False,c:/Users/adief/OneDrive/Dokumen/Semester 5/Data Mining 2/Week 14 (Final Project)/downloads_mp3/all_years/SQnc1QibapQ - SZA - Kill Bill (Official Audio).mp3,noise
Roses (feat. ROZES),The Chainsmokers,2016,Pop,EDM,0.8313437,False,c:/Users/adief/OneDrive/Dokumen/Semester 5/Data Mining 2/Week 14 (Final Project)/downloads_mp3/2016/FyASdjZE0R0 - The Chainsmokers - Roses (Official Audio) ft. ROZES.mp3,noise
The Ocean (feat. Shy Martin),Mike Perry,2016,Pop,EDM,0.52198905,False,c:/Users/adief/OneDrive/Dokumen/Semester 5/Data Mining 2/Week 14 (Final Project)/downloads_mp3/2016/5JxgDJvqGmM - Mike Perry - The Ocean ft. Shy Martin.mp3,pitch
Here's Your Perfect,Jamie Miller,2022,Pop,Pop,0.66565615,True,c:/Users/adief/OneDrive/Dokumen/Semester 5/Data Mining 2/Week 14 (Final Project)/downloads_mp3/2021/77AByXC_02s - Jamie Miller - Here's Your Perfect (Official Lyric Video).mp3,noise
Tally,BLACKPINK,2023,Rock,Rock,0.4561201,True,c:/Users/adief/OneDrive/Dokumen/Semester 5/Data Mining 2/Week 14 (Final Project)/downloads_mp3/all_years/VQo4hyWfBQ4 - BLACKPINK - ‘Tally’ (Official Audio).mp3,noise
It's You,Sezairi,2022,Soul,Soul,0.8657589,True,c:/Users/adief/OneDrive/Dokumen/Semester 5/Data Mining 2/Week 14 (Final Project)/downloads_mp3/all_years/1ieSEOX5OEE - Sezairi - It's You (Official Audio).mp3,none
Faded,Alan Walker,2016,Pop,EDM,0.56411475,False,c:/Users/adief/OneDrive/Dokumen/Semester 5/Data Mining 2/Week 14 (Final Project)/downloads_mp3/2016/psn_rs_a5O0 - Alan Walker - Faded (Audio).mp3,noise
It's Only Me (Studio Version),Kaleb J,2021,Pop,Pop,0.5214968,True,c:/Users/adief/OneDrive/Dokumen/Semester 5/Data Mining 2/Week 14 (Final Project)/downloads_mp3/2021/76ptEG7WxSA - Kaleb J - It's Only Me Official Lyric Video (English Sub CC).mp3,noise
Boo'd Up,Ella Mai,2018,R&B,R&B,0.47871318,True,c:/Users/adief/OneDrive/Dokumen/Semester 5/Data Mining 2/Week 14 (Final Project)/downloads_mp3/2018/hCR3UbyQ9jc - Ella Mai - Boo'd Up (Official Audio).mp3,pitch
Ghost,Justin Bieber,2022,Pop,EDM,0.9150812,False,c:/Users/adief/OneDrive/Dokumen/Semester 5/Data Mining 2/Week 14 (Final Project)/downloads_mp3/2022/KRUWn3dLoRg - Justin Bieber - Ghost (Visualizer).mp3,pitch
Chained to the Rhythm (feat. Lil Yachty),Katy Perry,2017,Pop,Pop,0.8412268,True,c:/Users/adief/OneDrive/Dokumen/Semester 5/Data Mining 2/Week 14 (Final Project)/downloads_mp3/all_years/Um7pMggPnug - Katy Perry - Chained To The Rhythm (Official) ft. Skip Marley.mp3,noise
Blue Jeans,GANGGA,2022,Indie,Indie,0.95950294,True,c:/Users/adief/OneDrive/Dokumen/Semester 5/Data Mining 2/Week 14 (Final Project)/downloads_mp3/2022/UzKdy75GqXQ - GANGGA - Blue Jeans (Official Lyric Video).mp3,pitch
Lucid Dreams,Juice WRLD,2019,Pop,Pop,0.83779186,True,c:/Users/adief/OneDrive/Dokumen/Semester 5/Data Mining 2/Week 14 (Final Project)/downloads_mp3/all_years/onbC6N-QGPc - Juice WRLD ＂Lucid Dreams (Forget Me)＂ (Official Audio).mp3,none
Bad at Love,Halsey,2018,Hip Hop,Pop,0.41575706,False,c:/Users/adief/OneDrive/Dokumen/Semester 5/Data Mining 2/Week 14 (Final Project)/downloads_mp3/2018/YJxASiOziX8 - Halsey - Bad At Love (Audio).mp3,none
Love Lies,Khalid,2018,Hip Hop,Soul,0.7962929,False,c:/Users/adief/OneDrive/Dokumen/Semester 5/Data Mining 2/Week 14 (Final Project)/downloads_mp3/all_years/izIyhdEHSPo - Khalid & Normani - Love Lies (Official Audio).mp3,noise
ZEZE (feat. Travis Scott & Offset),Kodak Black,2019,Hip Hop,Hip Hop,0.8551936,True,c:/Users/adief/OneDrive/Dokumen/Semester 5/Data Mining 2/Week 14 (Final Project)/downloads_mp3/all_years/mjaayCARwro - Kodak Black - ZEZE (feat. Travis Scott & Offset) [Official Audio].mp3,none
In Case You Didn't Know,Brett Young,2017,Pop,Country,0.77832776,False,c:/Users/adief/OneDrive/Dokumen/Semester 5/Data Mining 2/Week 14 (Final Project)/downloads_mp3/all_years/7qaHdHpSjX8 - Brett Young - In Case You Didn't Know.mp3,noise
MÍA (feat. Drake),Bad Bunny,2019,Hip Hop,Pop,0.9454619,False,c:/Users/adief/OneDrive/Dokumen/Semester 5/Data Mining 2/Week 14 (Final Project)/downloads_mp3/all_years/OSUxrSe5GbI - BAD BUNNY x DRAKE - MÍA (Video Oficial).mp3,noise
deja vu,Olivia Rodrigo,2022,Pop,Pop,0.81663793,True,c:/Users/adief/OneDrive/Dokumen/Semester 5/Data Mining 2/Week 14 (Final Project)/downloads_mp3/2022/C4hwsb1HPaU - deja vu.mp3,none
BUTTERFLY EFFECT,Travis Scott,2018,Hip Hop,Hip Hop,0.98011637,True,c:/Users/adief/OneDrive/Dokumen/Semester 5/Data Mining 2/Week 14 (Final Project)/downloads_mp3/2018/fdlbPYI8M_M - Travis Scott ＂Butterfly Effect＂ (WSHH Exclusive - Official Audio).mp3,none
Hati-Hati di Jalan,Tulus,2023,Pop,Pop,0.9876397,True,c:/Users/adief/OneDrive/Dokumen/Semester 5/Data Mining 2/Week 14 (Final Project)/downloads_mp3/2023/_N6vSc_mT6I - TULUS - Hati-Hati di Jalan (Official Lyric Video).mp3,none
Lush Life,Zara Larsson,2016,Hip Hop,Pop,0.40654007,False,c:/Users/adief/OneDrive/Dokumen/Semester 5/Data Mining 2/Week 14 (Final Project)/downloads_mp3/all_years/MysKegBRtaA - Zara Larsson - Lush Life (Official Audio).mp3,none
Asmalibrasi,Soegi Bornean,2023,Indie,Indie,0.8267035,True,c:/Users/adief/OneDrive/Dokumen/Semester 5/Data Mining 2/Week 14 (Final Project)/downloads_mp3/2023/cQGfLDnmWS8 - Soegi Bornean - Asmalibrasi (Official Music Video).mp3,none
Secret Love Song (feat. Jason Derulo),Little Mix,2022,Pop,Pop,0.9860064,True,c:/Users/adief/OneDrive/Dokumen/Semester 5/Data Mining 2/Week 14 (Final Project)/downloads_mp3/2022/qgy7vEje5-w - Little Mix - Secret Love Song (Official Video) ft. Jason Derulo.mp3,none
Dunia Tipu-Tipu,Yura Yunita,2023,Pop,Pop,0.52238566,True,c:/Users/adief/OneDrive/Dokumen/Semester 5/Data Mining 2/Week 14 (Final Project)/downloads_mp3/all_years/PayNUdXpgtk - Yura Yunita - Dunia Tipu-Tipu (Official Lyric Video).mp3,pitch
august,Taylor Swift,2023,Pop,Indie,0.9135532,False,c:/Users/adief/OneDrive/Dokumen/Semester 5/Data Mining 2/Week 14 (Final Project)/downloads_mp3/all_years/nn_0zPAfyo8 - Taylor Swift – august (Official Lyric Video).mp3,pitch
Save Your Tears (Remix),The Weeknd,2022,Pop,Pop,0.9792844,True,c:/Users/adief/OneDrive/Dokumen/Semester 5/Data Mining 2/Week 14 (Final Project)/downloads_mp3/2021/LIIDh-qI9oI - The Weeknd & Ariana Grande - Save Your Tears (Remix) (Official Video).mp3,pitch
Truth Hurts,Lizzo,2019,Hip Hop,Hip Hop,0.9702023,True,c:/Users/adief/OneDrive/Dokumen/Semester 5/Data Mining 2/Week 14 (Final Project)/downloads_mp3/2019/HhwTF97OyX8 - Lizzo - Truth Hurts (Official Lyric Video).mp3,pitch
ELEVEN,IVE,2022,Pop,Pop,0.9063007,True,c:/Users/adief/OneDrive/Dokumen/Semester 5/Data Mining 2/Week 14 (Final Project)/downloads_mp3/2022/e91HyUPLaMM - ELEVEN.mp3,pitch
Chun-Li,Nicki Minaj,2018,Hip Hop,Hip Hop,0.9691612,True,c:/Users/adief/OneDrive/Dokumen/Semester 5/Data Mining 2/Week 14 (Final Project)/downloads_mp3/2018/ROACvo_s1yg - Chun-Li.mp3,none
Tak Ingin Usai,Keisya Levronka,2023,Pop,Pop,0.94401276,True,c:/Users/adief/OneDrive/Dokumen/Semester 5/Data Mining 2/Week 14 (Final Project)/downloads_mp3/2023/FB1YNEOspyA - Keisya Levronka - Tak Ingin Usai (Official Lyric Video).mp3,pitch
Left and Right,Charlie Puth,2023,Pop,Pop,0.9874041,True,c:/Users/adief/OneDrive/Dokumen/Semester 5/Data Mining 2/Week 14 (Final Project)/downloads_mp3/2023/a7GITgqwDVg - Charlie Puth - Left And Right (feat. Jung Kook of BTS) [Official Video].mp3,none
