title,artist,year,Predicted_Genre,True_Genre,file_path
Jiwa Yang Bersedih,Ghea Indrawari,2024,Pop,Pop,c:/Users/adief/OneDrive/Dokumen/Semester 5/Data Mining 2/Week 14 (Final Project)/downloads_mp3/2023/t9VWICGOD90 - GHEA INDRAWARI - JIWA YANG BERSEDIH (OFFICIAL MUSIC VIDEO).mp3
Tanpa Rasa Bersalah,Fabio Asher,2024,Pop,Pop,c:/Users/adief/OneDrive/Dokumen/Semester 5/Data Mining 2/Week 14 (Final Project)/downloads_mp3/2024/3ef_LJcM7WE - Fabio Asher - Tanpa Rasa Bersalah (Official Lyric Video ).mp3
Bertaut,Nadin Amizah,2024,Indie,Indie,c:/Users/adief/OneDrive/Dokumen/Semester 5/Data Mining 2/Week 14 (Final Project)/downloads_mp3/2021/uEwQtDZjFKs - Nadin Amizah - Bertaut (Official Lyric Video).mp3
I Don't Care,Ed Sheeran,2020,Pop,Pop,c:/Users/adief/OneDrive/Dokumen/Semester 5/Data Mining 2/Week 14 (Final Project)/downloads_mp3/2019/E8EK3dsszw0 - Ed Sheeran & Justin Bieber – I Don’t Care (Official Audio).mp3
Mo Bamba,Sheck Wes,2019,Hip Hop,Hip Hop,c:/Users/adief/OneDrive/Dokumen/Semester 5/Data Mining 2/Week 14 (Final Project)/downloads_mp3/2019/VWoIpDVkOH0 - Sheck Wes - Mo Bamba.mp3
traitor,Olivia Rodrigo,2022,Pop,Pop,c:/Users/adief/OneDrive/Dokumen/Semester 5/Data Mining 2/Week 14 (Final Project)/downloads_mp3/2021/6tsu2oeZJgo - Olivia Rodrigo - traitor (Lyric Video).mp3
Tak Segampang Itu,Anggi Marito,2024,Pop,Pop,c:/Users/adief/OneDrive/Dokumen/Semester 5/Data Mining 2/Week 14 (Final Project)/downloads_mp3/2023/7rCDUFh9kzc - Anggi Marito - Tak Segampang Itu (Official Lyric Video).mp3
LOVE DIVE,IVE,2022,Pop,Pop,c:/Users/adief/OneDrive/Dokumen/Semester 5/Data Mining 2/Week 14 (Final Project)/downloads_mp3/2022/l-jZOXa7gQY - LOVE DIVE.mp3
Envy Me,Calboy,2019,Hip Hop,Hip Hop,c:/Users/adief/OneDrive/Dokumen/Semester 5/Data Mining 2/Week 14 (Final Project)/downloads_mp3/2019/4b8KYKjMmRU - Calboy - Envy Me Prod by @jtk2bz (Official Audio).mp3
Way Back Home (feat. Conor Maynard) [Sam Feldt Edit],SHAUN,2020,Pop,Pop,c:/Users/adief/OneDrive/Dokumen/Semester 5/Data Mining 2/Week 14 (Final Project)/downloads_mp3/2020/eNt78mQJavY - SHAUN – Way Back Home (feat. Conor Maynard) [Sam Feldt Edit] (Official Lyric Video).mp3
Castle on the Hill,Ed Sheeran,2017,Pop,Pop,c:/Users/adief/OneDrive/Dokumen/Semester 5/Data Mining 2/Week 14 (Final Project)/downloads_mp3/2017/7Qp5vcuMIlk - Ed Sheeran - Castle On The Hill [Official Lyric Video].mp3
Usai Di Sini,Raisa,2025,Pop,Pop,c:/Users/adief/OneDrive/Dokumen/Semester 5/Data Mining 2/Week 14 (Final Project)/downloads_mp3/2025/Kt-lbu2To58 - Raisa - Usai Di Sini (Official Lyric Video).mp3
Watermelon Sugar,Harry Styles,2020,Pop,Pop,c:/Users/adief/OneDrive/Dokumen/Semester 5/Data Mining 2/Week 14 (Final Project)/downloads_mp3/2020/7-x3uD5z1bQ - Harry Styles - Watermelon Sugar (Official Audio).mp3
Hilang Tanpa Bilang,Meiska,2023,Pop,Pop,c:/Users/adief/OneDrive/Dokumen/Semester 5/Data Mining 2/Week 14 (Final Project)/downloads_mp3/2024/oyyqQHaJflY - Meiska - Hilang Tanpa Bilang (Official Audio).mp3
One Kiss,Calvin Harris,2018,Electronic,Electronic,"c:/Users/adief/OneDrive/Dokumen/Semester 5/Data Mining 2/Week 14 (Final Project)/downloads_mp3/2018/Bm8rz-llMhE - Calvin Harris, Dua Lipa - One Kiss (Lyric Video).mp3"
Adventure of a Lifetime,Coldplay,2016,Pop,Pop,c:/Users/adief/OneDrive/Dokumen/Semester 5/Data Mining 2/Week 14 (Final Project)/downloads_mp3/2016/QtXby3twMmI - Coldplay - Adventure Of A Lifetime (Official Video).mp3
Hati-Hati di Jalan,Tulus,2023,Pop,Pop,c:/Users/adief/OneDrive/Dokumen/Semester 5/Data Mining 2/Week 14 (Final Project)/downloads_mp3/2022/_N6vSc_mT6I - TULUS - Hati-Hati di Jalan (Official Lyric Video).mp3
I Ain't Worried,OneRepublic,2023,Pop,Pop,c:/Users/adief/OneDrive/Dokumen/Semester 5/Data Mining 2/Week 14 (Final Project)/downloads_mp3/2022/mNEUkkoUoIA - OneRepublic - I Ain’t Worried (From “Top Gun： Maverick”) [Official Music Video].mp3
I Like It,Cardi B,2019,Hip Hop,Hip Hop,"c:/Users/adief/OneDrive/Dokumen/Semester 5/Data Mining 2/Week 14 (Final Project)/downloads_mp3/2018/U4fErC9skHE - Cardi B, Bad Bunny & J Balvin - I Like It [Official Audio].mp3"
Sedang Sayang Sayangnya,Mawar de Jongh,2021,Pop,Pop,c:/Users/adief/OneDrive/Dokumen/Semester 5/Data Mining 2/Week 14 (Final Project)/downloads_mp3/2020/PlwqnE5eYX0 - Mawar de Jongh - Sedang Sayang Sayangnya ｜ Official Music Video.mp3
Fake Love,Drake,2017,Hip Hop,Hip Hop,c:/Users/adief/OneDrive/Dokumen/Semester 5/Data Mining 2/Week 14 (Final Project)/downloads_mp3/2017/jz_01KVkOBI - Fake Love.mp3
Trauma,Aan Story,2024,Pop,Pop,c:/Users/adief/OneDrive/Dokumen/Semester 5/Data Mining 2/Week 14 (Final Project)/downloads_mp3/2023/zhCcKh-Q8jw - Aan Story feat. Elsya - TRAUMA (Official Lyric Video).mp3
Merasa Indah,Tiara Andini,2022,Pop,Pop,c:/Users/adief/OneDrive/Dokumen/Semester 5/Data Mining 2/Week 14 (Final Project)/downloads_mp3/2022/iTJvrId5Bmo - Tiara Andini - Merasa Indah (Official Lyric Video).mp3
Niscaya,Bilal Indrajaya,2024,Indie,Indie,c:/Users/adief/OneDrive/Dokumen/Semester 5/Data Mining 2/Week 14 (Final Project)/downloads_mp3/2024/zzFsx1iqcgg - Bilal Indrajaya - Niscaya (Official Lyric Video).mp3
Rain On Me,Lady Gaga,2020,Pop,Pop,"c:/Users/adief/OneDrive/Dokumen/Semester 5/Data Mining 2/Week 14 (Final Project)/downloads_mp3/2020/ugQhauUEcJM - Lady Gaga, Ariana Grande - Rain On Me (Audio).mp3"
Mask Off,Future,2017,Hip Hop,Hip Hop,c:/Users/adief/OneDrive/Dokumen/Semester 5/Data Mining 2/Week 14 (Final Project)/downloads_mp3/2017/aWb8z-KhZdo - Mask Off.mp3
Enchanted,Taylor Swift,2022,Country,Country,c:/Users/adief/OneDrive/Dokumen/Semester 5/Data Mining 2/Week 14 (Final Project)/downloads_mp3/2022/Na2WnQ13zcM - Enchanted.mp3
Pesan Terakhir,Lyodra,2024,Pop,Pop,c:/Users/adief/OneDrive/Dokumen/Semester 5/Data Mining 2/Week 14 (Final Project)/downloads_mp3/2021/pu7kkMAmiMM - Lyodra - Pesan Terakhir (Official Audio).mp3
One Last Time,Ariana Grande,2024,Pop,Pop,c:/Users/adief/OneDrive/Dokumen/Semester 5/Data Mining 2/Week 14 (Final Project)/downloads_mp3/2016/Wg92RrNhB8s - Ariana Grande - One Last Time (Official Lyric Video).mp3
Janji Setia,Tiara Andini,2022,Pop,Pop,c:/Users/adief/OneDrive/Dokumen/Semester 5/Data Mining 2/Week 14 (Final Project)/downloads_mp3/2022/nKSylKpqln4 - Tiara Andini - Janji Setia (Official Lyric Video).mp3
If I Can't Have You,Shawn Mendes,2019,Pop,Pop,c:/Users/adief/OneDrive/Dokumen/Semester 5/Data Mining 2/Week 14 (Final Project)/downloads_mp3/2019/QIllrXYlEDA - Shawn Mendes - If I Can't Have You (Official Audio).mp3
Sepenuh Hati,Rony Parulian,2024,Pop,Pop,"c:/Users/adief/OneDrive/Dokumen/Semester 5/Data Mining 2/Week 14 (Final Project)/downloads_mp3/2024/psq1qBms92o - Rony Parulian, Andi Rianto – Sepenuh Hati (Official Lyric Video).mp3"
Blank Space,Taylor Swift,2015,Pop,Pop,c:/Users/adief/OneDrive/Dokumen/Semester 5/Data Mining 2/Week 14 (Final Project)/downloads_mp3/2016/2mIBS3fHp6A - Taylor Swift - Blank Space (Audio).mp3
Calling My Spirit,Kodak Black,2019,Hip Hop,Hip Hop,c:/Users/adief/OneDrive/Dokumen/Semester 5/Data Mining 2/Week 14 (Final Project)/downloads_mp3/2019/ppSY98RGyBU - Kodak Black - Calling My Spirit [Official Video].mp3
Interaksi,Tulus,2024,Pop,Pop,c:/Users/adief/OneDrive/Dokumen/Semester 5/Data Mining 2/Week 14 (Final Project)/downloads_mp3/2022/GIy9ZbH0sHo - TULUS - Interaksi (Official Lyric Video).mp3
Stuck with U,Ariana Grande,2024,Pop,Pop,"c:/Users/adief/OneDrive/Dokumen/Semester 5/Data Mining 2/Week 14 (Final Project)/downloads_mp3/2020/h2jvHynuMjI - Ariana Grande, Justin Bieber - Stuck with U (Lyric Video).mp3"
Pilihan Yang Terbaik,Ziva Magnolya,2023,Pop,Pop,c:/Users/adief/OneDrive/Dokumen/Semester 5/Data Mining 2/Week 14 (Final Project)/downloads_mp3/2022/p8y3b2hAXxY - Ziva Magnolya - Pilihan Yang Terbaik (Official Lyric Video).mp3
Bertaut,Nadin Amizah,2022,Indie,Indie,c:/Users/adief/OneDrive/Dokumen/Semester 5/Data Mining 2/Week 14 (Final Project)/downloads_mp3/2021/uEwQtDZjFKs - Nadin Amizah - Bertaut (Official Lyric Video).mp3
Siapkah Kau 'Tuk Jatuh Cinta Lagi,HIVI!,2025,Pop,Pop,c:/Users/adief/OneDrive/Dokumen/Semester 5/Data Mining 2/Week 14 (Final Project)/downloads_mp3/2023/kX1O93X77d4 - HIVI! - Siapkah Kau 'Tuk Jatuh Cinta Lagi (Official Lyric Video).mp3
New Rules,Dua Lipa,2024,Pop,Pop,c:/Users/adief/OneDrive/Dokumen/Semester 5/Data Mining 2/Week 14 (Final Project)/downloads_mp3/2018/AyWsHs5QdiY - Dua Lipa - New Rules (Official Lyric Video).mp3
Shape of You,Ed Sheeran,2019,Pop,Pop,c:/Users/adief/OneDrive/Dokumen/Semester 5/Data Mining 2/Week 14 (Final Project)/downloads_mp3/2017/_dK2tDK9grQ - Ed Sheeran - Shape Of You [Official Lyric Video].mp3
About You,The 1975,2024,Pop,Pop,c:/Users/adief/OneDrive/Dokumen/Semester 5/Data Mining 2/Week 14 (Final Project)/downloads_mp3/2023/tGv7CUutzqU - The 1975 - About You (Official).mp3
Stuck with U,Ariana Grande,2025,Pop,Pop,"c:/Users/adief/OneDrive/Dokumen/Semester 5/Data Mining 2/Week 14 (Final Project)/downloads_mp3/2020/h2jvHynuMjI - Ariana Grande, Justin Bieber - Stuck with U (Lyric Video).mp3"
Sisa Rasa,Mahalini,2023,Pop,Pop,c:/Users/adief/OneDrive/Dokumen/Semester 5/Data Mining 2/Week 14 (Final Project)/downloads_mp3/2022/Wh66ThpxvI4 - MAHALINI - SISA RASA (OFFICIAL MUSIC VIDEO).mp3
Unholy,Sam Smith,2023,Pop,Pop,c:/Users/adief/OneDrive/Dokumen/Semester 5/Data Mining 2/Week 14 (Final Project)/downloads_mp3/2023/7QXDnWRy6MI - Sam Smith - Unholy (ft. Kim Petras) (Lyric Video).mp3
Eastside,benny blanco,2019,Pop,Pop,"c:/Users/adief/OneDrive/Dokumen/Semester 5/Data Mining 2/Week 14 (Final Project)/downloads_mp3/2018/56WBK4ZK_cw - benny blanco, Halsey & Khalid – Eastside (official video).mp3"
Rumah Singgah,Fabio Asher,2023,Pop,Pop,c:/Users/adief/OneDrive/Dokumen/Semester 5/Data Mining 2/Week 14 (Final Project)/downloads_mp3/2022/RCYHpwtvqrE - Rumah Singgah.mp3
Broccoli (feat. Lil Yachty),DRAM,2017,R&B,R&B,c:/Users/adief/OneDrive/Dokumen/Semester 5/Data Mining 2/Week 14 (Final Project)/downloads_mp3/2017/K44j-sb1SRY - DRAM - Broccoli feat. Lil Yachty (Official Music Video).mp3
Now I Know,Kaleb J,2021,Pop,Pop,c:/Users/adief/OneDrive/Dokumen/Semester 5/Data Mining 2/Week 14 (Final Project)/downloads_mp3/2021/Y2ciL0Vqe5Q - Kaleb J - Now I Know (Official Lyric Video).mp3
Sisa Rasa,Mahalini,2022,Pop,Pop,c:/Users/adief/OneDrive/Dokumen/Semester 5/Data Mining 2/Week 14 (Final Project)/downloads_mp3/2022/Wh66ThpxvI4 - MAHALINI - SISA RASA (OFFICIAL MUSIC VIDEO).mp3
Rumah Ke Rumah,Hindia,2021,Indie,Indie,c:/Users/adief/OneDrive/Dokumen/Semester 5/Data Mining 2/Week 14 (Final Project)/downloads_mp3/2020/pjhOjHDX0A8 - Hindia - Rumah Ke Rumah (​Official Lyric & Commentary Video).mp3
no song without you,HONNE,2020,R&B,R&B,c:/Users/adief/OneDrive/Dokumen/Semester 5/Data Mining 2/Week 14 (Final Project)/downloads_mp3/2020/WXOlNBDVt0o - HONNE - no song without you.mp3
Locked Out of Heaven,Bruno Mars,2024,Pop,Pop,c:/Users/adief/OneDrive/Dokumen/Semester 5/Data Mining 2/Week 14 (Final Project)/downloads_mp3/2024/e-fA-gBCkj0 - Bruno Mars - Locked Out Of Heaven (Official Music Video).mp3
Lama-Lama,Bernadya,2024,Pop,Pop,c:/Users/adief/OneDrive/Dokumen/Semester 5/Data Mining 2/Week 14 (Final Project)/downloads_mp3/2024/-HdxWBRV86w - Bernadya - Lama-Lama (Official Video).mp3
Mati-Matian,Mahalini,2024,Pop,Pop,c:/Users/adief/OneDrive/Dokumen/Semester 5/Data Mining 2/Week 14 (Final Project)/downloads_mp3/2024/LAOxuo6pkdo - MAHALINI - MATI MATIAN (OFFICIAL MUSIC VIDEO).mp3
"thank u, next",Ariana Grande,2025,Pop,Pop,"c:/Users/adief/OneDrive/Dokumen/Semester 5/Data Mining 2/Week 14 (Final Project)/downloads_mp3/2019/5OeR5XBEahU - Ariana Grande - thank u, next (audio).mp3"
Kenangan Manis,Pamungkas,2020,Indie,Indie,c:/Users/adief/OneDrive/Dokumen/Semester 5/Data Mining 2/Week 14 (Final Project)/downloads_mp3/2020/0PmHpgFhy8E - Pamungkas - Kenangan Manis (Lyrics Video).mp3
Paris,The Chainsmokers,2017,Pop,Pop,c:/Users/adief/OneDrive/Dokumen/Semester 5/Data Mining 2/Week 14 (Final Project)/downloads_mp3/2017/RhU9MZ98jxo - The Chainsmokers - Paris (Official Lyric Video).mp3
positions,Ariana Grande,2022,Pop,Pop,c:/Users/adief/OneDrive/Dokumen/Semester 5/Data Mining 2/Week 14 (Final Project)/downloads_mp3/2021/xuOOAQoDKN0 - positions.mp3
ELEVEN,IVE,2022,Pop,Pop,c:/Users/adief/OneDrive/Dokumen/Semester 5/Data Mining 2/Week 14 (Final Project)/downloads_mp3/2022/e91HyUPLaMM - ELEVEN.mp3
Don’t Matter To Me,Drake,2018,Hip Hop,Hip Hop,c:/Users/adief/OneDrive/Dokumen/Semester 5/Data Mining 2/Week 14 (Final Project)/downloads_mp3/2018/EQHnjOHvcpg - Don’t Matter To Me.mp3
DARARI,TREASURE,2022,Country,Pop,c:/Users/adief/OneDrive/Dokumen/Semester 5/Data Mining 2/Week 14 (Final Project)/downloads_mp3/2022/iqH-TkQ6CyM - TREASURE (트레저) - 다라리 (DARARI) (Audio).mp3
bury a friend,Billie Eilish,2019,Pop,Pop,c:/Users/adief/OneDrive/Dokumen/Semester 5/Data Mining 2/Week 14 (Final Project)/downloads_mp3/2019/0Q9bOvwKegM - Billie Eilish - bury a friend (Audio).mp3
It's You,Ali Gatie,2020,R&B,R&B,c:/Users/adief/OneDrive/Dokumen/Semester 5/Data Mining 2/Week 14 (Final Project)/downloads_mp3/2020/PXGycbkbtW0 - Ali Gatie - It's You (Official Lyrics Video).mp3
One Of The Girls,The Weeknd,2024,R&B,R&B,"c:/Users/adief/OneDrive/Dokumen/Semester 5/Data Mining 2/Week 14 (Final Project)/downloads_mp3/2024/f1r0XZLNlGQ - The Weeknd, JENNIE & Lily Rose Depp - One Of The Girls (Official Audio).mp3"
"thank u, next",Ariana Grande,2025,Pop,Pop,"c:/Users/adief/OneDrive/Dokumen/Semester 5/Data Mining 2/Week 14 (Final Project)/downloads_mp3/2019/5OeR5XBEahU - Ariana Grande - thank u, next (audio).mp3"
One Only,Pamungkas,2021,Indie,Indie,c:/Users/adief/OneDrive/Dokumen/Semester 5/Data Mining 2/Week 14 (Final Project)/downloads_mp3/2020/dBFp0Ext0y8 - Pamungkas - One Only (Lyrics Video).mp3
On My Way,Alan Walker,2020,Pop,Pop,"c:/Users/adief/OneDrive/Dokumen/Semester 5/Data Mining 2/Week 14 (Final Project)/downloads_mp3/2020/dhYOPzcsbGM - Alan Walker, Sabrina Carpenter & Farruko  - On My Way.mp3"
Dirt on My Boots,Jon Pardi,2017,Country,Country,c:/Users/adief/OneDrive/Dokumen/Semester 5/Data Mining 2/Week 14 (Final Project)/downloads_mp3/2017/gCxbgqyC2Wg - Jon Pardi - Dirt On My Boots (Official Lyric Video).mp3
Tunnel Vision,Kodak Black,2017,Hip Hop,Hip Hop,c:/Users/adief/OneDrive/Dokumen/Semester 5/Data Mining 2/Week 14 (Final Project)/downloads_mp3/2017/YE93dD6jjoU - Kodak Black   Tunnel Vision.mp3
Faded,Alan Walker,2016,Electronic,Electronic,c:/Users/adief/OneDrive/Dokumen/Semester 5/Data Mining 2/Week 14 (Final Project)/downloads_mp3/2016/psn_rs_a5O0 - Alan Walker - Faded (Audio).mp3
Seven,Jung Kook,2023,Pop,Pop,c:/Users/adief/OneDrive/Dokumen/Semester 5/Data Mining 2/Week 14 (Final Project)/downloads_mp3/2024/XS48lWkH84Q - Jung Kook - Seven (Explicit Ver.) [Audio].mp3
Sahabat Dulu (From Layangan Putus),Prinsa Mandagie,2022,Pop,Pop,c:/Users/adief/OneDrive/Dokumen/Semester 5/Data Mining 2/Week 14 (Final Project)/downloads_mp3/2022/RWinOPg_Rcg - Sahabat Dulu (From Layangan Putus).mp3
All I Ask,Adele,2016,Pop,Pop,c:/Users/adief/OneDrive/Dokumen/Semester 5/Data Mining 2/Week 14 (Final Project)/downloads_mp3/all_years/D7kHN7GKdu8 - Adele - All I Ask.mp3
Ric Flair Drip,Offset,2018,Soul,Hip Hop,c:/Users/adief/OneDrive/Dokumen/Semester 5/Data Mining 2/Week 14 (Final Project)/downloads_mp3/2018/OwbI9IY9Roo - Offset & Metro Boomin  - ＂Ric Flair Drip＂ (Official Audio).mp3
All Too Well (10 Minute Version) [Taylor's Version] [From The Vault],Taylor Swift,2025,Country,Country,c:/Users/adief/OneDrive/Dokumen/Semester 5/Data Mining 2/Week 14 (Final Project)/downloads_mp3/2022/sRxrwjOtIag - All Too Well (10 Minute Version) (Taylor's Version) (From The Vault) (Lyric Video).mp3
Heat Waves,Glass Animals,2022,Indie,Indie,c:/Users/adief/OneDrive/Dokumen/Semester 5/Data Mining 2/Week 14 (Final Project)/downloads_mp3/2022/KT7F15T9VBI - Glass Animals - Heat Waves (Lyrics).mp3
Belum Siap Kehilangan,Stevan Pasaribu,2021,Pop,Pop,c:/Users/adief/OneDrive/Dokumen/Semester 5/Data Mining 2/Week 14 (Final Project)/downloads_mp3/2021/0ru5Ox8f_vs - Stevan Pasaribu - Belum Siap Kehilangan (Official Music Video).mp3
Black Swan,BTS,2020,R&B,Pop,c:/Users/adief/OneDrive/Dokumen/Semester 5/Data Mining 2/Week 14 (Final Project)/downloads_mp3/2020/TXYUhWdXt7k - BTS - Black Swan (Audio).mp3
Speechless,Dan + Shay,2019,Pop,Country,c:/Users/adief/OneDrive/Dokumen/Semester 5/Data Mining 2/Week 14 (Final Project)/downloads_mp3/2019/o_bIMTtl8X8 - Dan + Shay - Speechless (Icon Video).mp3
Style,Taylor Swift,2023,Pop,Pop,c:/Users/adief/OneDrive/Dokumen/Semester 5/Data Mining 2/Week 14 (Final Project)/downloads_mp3/2016/66TQBtlRKc4 - Taylor Swift - Style (Audio).mp3
Jocelyn Flores,XXXTENTACION,2018,Hip Hop,Hip Hop,c:/Users/adief/OneDrive/Dokumen/Semester 5/Data Mining 2/Week 14 (Final Project)/downloads_mp3/2018/FAucVNRx_mU - XXXTENTACION - Jocelyn Flores (Audio).mp3
Tanpa Cinta,Yovie Widianto,2025,Pop,Pop,"c:/Users/adief/OneDrive/Dokumen/Semester 5/Data Mining 2/Week 14 (Final Project)/downloads_mp3/2025/93YDqv3KBUs - Yovie Widianto, Tiara Andini - Tanpa Cinta (Official Music Video).mp3"
In My Feelings,Drake,2018,Hip Hop,Hip Hop,c:/Users/adief/OneDrive/Dokumen/Semester 5/Data Mining 2/Week 14 (Final Project)/downloads_mp3/2018/SD1tkI5-3dI - In My Feelings.mp3
To the Bone,Pamungkas,2022,Indie,Indie,c:/Users/adief/OneDrive/Dokumen/Semester 5/Data Mining 2/Week 14 (Final Project)/downloads_mp3/2021/oIYWenB637c - Pamungkas - To The Bone (Official Music Video).mp3
Location Unknown (feat. BEKA) [Brooklyn Session],HONNE,2021,Pop,R&B,c:/Users/adief/OneDrive/Dokumen/Semester 5/Data Mining 2/Week 14 (Final Project)/downloads_mp3/2020/btIQvYcLNoI - HONNE - Location Unknown ◐ (feat. BEKA) (Brooklyn Session).mp3
Somebody,Natalie La Rose,2015,Pop,R&B,c:/Users/adief/OneDrive/Dokumen/Semester 5/Data Mining 2/Week 14 (Final Project)/downloads_mp3/2023/PD0hHwbunXI - Aziz Hedra - Somebody’s Pleasure (Official Audio).mp3
Don't Start Now,Dua Lipa,2020,Pop,Pop,c:/Users/adief/OneDrive/Dokumen/Semester 5/Data Mining 2/Week 14 (Final Project)/downloads_mp3/2020/xjiYBGs0TUA - Dua Lipa - Don't Start Now (Official Lyrics Video).mp3
Bodak Yellow,Cardi B,2018,Hip Hop,Hip Hop,c:/Users/adief/OneDrive/Dokumen/Semester 5/Data Mining 2/Week 14 (Final Project)/downloads_mp3/2017/PEGccV-NOm8 - Cardi B - Bodak Yellow [OFFICIAL MUSIC VIDEO].mp3
One Last Time,Ariana Grande,2024,Pop,Pop,c:/Users/adief/OneDrive/Dokumen/Semester 5/Data Mining 2/Week 14 (Final Project)/downloads_mp3/2016/Wg92RrNhB8s - Ariana Grande - One Last Time (Official Lyric Video).mp3
Asmalibrasi,Soegi Bornean,2022,Indie,Indie,c:/Users/adief/OneDrive/Dokumen/Semester 5/Data Mining 2/Week 14 (Final Project)/downloads_mp3/2022/cQGfLDnmWS8 - Soegi Bornean - Asmalibrasi (Official Music Video).mp3
FRIENDS,Marshmello,2018,Electronic,Electronic,c:/Users/adief/OneDrive/Dokumen/Semester 5/Data Mining 2/Week 14 (Final Project)/downloads_mp3/2018/CY8E6N5Nzec - Marshmello & Anne-Marie - FRIENDS (Lyric Video) ＊OFFICIAL FRIENDZONE ANTHEM＊.mp3
On My Mind,Ellie Goulding,2015,Hip Hop,Pop,c:/Users/adief/OneDrive/Dokumen/Semester 5/Data Mining 2/Week 14 (Final Project)/downloads_mp3/2019/zFW5-ABDC-8 - YNW Melly - Murder On My MInd (Audio).mp3
Sorry,Justin Bieber,2016,Pop,Pop,c:/Users/adief/OneDrive/Dokumen/Semester 5/Data Mining 2/Week 14 (Final Project)/downloads_mp3/2016/8ELbX5CMomE - Justin Bieber - Sorry (Lyric Video).mp3
Lantas,Juicy Luicy,2024,Pop,Pop,c:/Users/adief/OneDrive/Dokumen/Semester 5/Data Mining 2/Week 14 (Final Project)/downloads_mp3/2021/ba-XAIskH_g - Juicy Luicy - Lantas (Official Lyric Video).mp3
Cruel Summer,Taylor Swift,2023,Pop,Pop,c:/Users/adief/OneDrive/Dokumen/Semester 5/Data Mining 2/Week 14 (Final Project)/downloads_mp3/2023/ic8j13piAhQ - Taylor Swift - Cruel Summer (Official Audio).mp3
Ride,twenty one pilots,2016,Rock,Rock,c:/Users/adief/OneDrive/Dokumen/Semester 5/Data Mining 2/Week 14 (Final Project)/downloads_mp3/2016/Pw-0pbY9JeU - twenty one pilots - Ride (Official Video).mp3
Someone You Loved,Lewis Capaldi,2019,Pop,Pop,c:/Users/adief/OneDrive/Dokumen/Semester 5/Data Mining 2/Week 14 (Final Project)/downloads_mp3/2019/xrcMgO2fgpA - Lewis Capaldi - Someone You Loved (Official Audio).mp3
Love on the Brain,Rihanna,2017,Soul,Soul,c:/Users/adief/OneDrive/Dokumen/Semester 5/Data Mining 2/Week 14 (Final Project)/downloads_mp3/2017/NsW5uu_w1A0 - Love On The Brain.mp3
Soulmate,Kahitna,2025,Pop,Pop,c:/Users/adief/OneDrive/Dokumen/Semester 5/Data Mining 2/Week 14 (Final Project)/downloads_mp3/2025/cpqMU8XeyxY - Kahitna - Soulmate (Official Lyric Video).mp3
My Universe,Coldplay,2022,Pop,Pop,c:/Users/adief/OneDrive/Dokumen/Semester 5/Data Mining 2/Week 14 (Final Project)/downloads_mp3/2022/bZYPI4mYwhw - Coldplay X BTS - My Universe (Official Lyric Video).mp3
Stitches,Shawn Mendes,2015,Pop,Pop,c:/Users/adief/OneDrive/Dokumen/Semester 5/Data Mining 2/Week 14 (Final Project)/downloads_mp3/2016/PQOdz2O4BfI - Shawn Mendes - Stitches.mp3
Flowers,Miley Cyrus,2023,Pop,Pop,c:/Users/adief/OneDrive/Dokumen/Semester 5/Data Mining 2/Week 14 (Final Project)/downloads_mp3/2023/SWpAYbgHmTo - Miley Cyrus - Flowers (Official Audio).mp3
goosebumps,Travis Scott,2017,Hip Hop,Hip Hop,c:/Users/adief/OneDrive/Dokumen/Semester 5/Data Mining 2/Week 14 (Final Project)/downloads_mp3/2017/_9XaXHD3680 - Travis Scott - goosebumps (Lyrics) ft. Kendrick Lamar.mp3
drivers license,Olivia Rodrigo,2022,Pop,Pop,c:/Users/adief/OneDrive/Dokumen/Semester 5/Data Mining 2/Week 14 (Final Project)/downloads_mp3/2021/tNJhkrpLGT8 - drivers license.mp3
Rayu,Marion Jola,2020,Pop,Pop,c:/Users/adief/OneDrive/Dokumen/Semester 5/Data Mining 2/Week 14 (Final Project)/downloads_mp3/2020/LqJ_J7CdgMc - Marion Jola - Rayu (Official Lyric Video).mp3
Tanpa Rasa Bersalah,Fabio Asher,2024,Pop,Pop,c:/Users/adief/OneDrive/Dokumen/Semester 5/Data Mining 2/Week 14 (Final Project)/downloads_mp3/2024/3ef_LJcM7WE - Fabio Asher - Tanpa Rasa Bersalah (Official Lyric Video ).mp3
good 4 u,Olivia Rodrigo,2021,Pop,Pop,c:/Users/adief/OneDrive/Dokumen/Semester 5/Data Mining 2/Week 14 (Final Project)/downloads_mp3/2021/aeDdS9aIpck - good 4 u.mp3
Hilang Tanpa Bilang,Meiska,2024,Pop,Pop,c:/Users/adief/OneDrive/Dokumen/Semester 5/Data Mining 2/Week 14 (Final Project)/downloads_mp3/2024/oyyqQHaJflY - Meiska - Hilang Tanpa Bilang (Official Audio).mp3
My Way,Calvin Harris,2016,Electronic,Electronic,c:/Users/adief/OneDrive/Dokumen/Semester 5/Data Mining 2/Week 14 (Final Project)/downloads_mp3/2016/KSbxm6wMcDI - Calvin Harris - My Way.mp3
See You Again (feat. Charlie Puth),Wiz Khalifa,2016,Pop,Hip Hop,c:/Users/adief/OneDrive/Dokumen/Semester 5/Data Mining 2/Week 14 (Final Project)/downloads_mp3/2016/xl8thVrlvjI - See You Again (feat. Charlie Puth).mp3
Muak,Aruma,2023,Pop,Pop,c:/Users/adief/OneDrive/Dokumen/Semester 5/Data Mining 2/Week 14 (Final Project)/downloads_mp3/2023/6r5Bj_7VPwE - Aruma - Muak (Official Music Video).mp3
Rehat,Kunto Aji,2020,Pop,Indie,c:/Users/adief/OneDrive/Dokumen/Semester 5/Data Mining 2/Week 14 (Final Project)/downloads_mp3/2020/rJ0ECZz8re0 - Kunto Aji - Rehat (Official Audio).mp3
Sisa Rasa,Mahalini,2023,Pop,Pop,c:/Users/adief/OneDrive/Dokumen/Semester 5/Data Mining 2/Week 14 (Final Project)/downloads_mp3/2022/Wh66ThpxvI4 - MAHALINI - SISA RASA (OFFICIAL MUSIC VIDEO).mp3
KOD,J. Cole,2018,Hip Hop,Hip Hop,c:/Users/adief/OneDrive/Dokumen/Semester 5/Data Mining 2/Week 14 (Final Project)/downloads_mp3/2018/ciya_AQu25o - KOD.mp3
Sedia Aku Sebelum Hujan,Idgitaf,2025,Pop,Pop,c:/Users/adief/OneDrive/Dokumen/Semester 5/Data Mining 2/Week 14 (Final Project)/downloads_mp3/2025/yIPX-FNJ9qk - Idgitaf - Sedia Aku Sebelum Hujan (Official Lyric Video).mp3
God's Plan,Drake,2019,Hip Hop,Hip Hop,c:/Users/adief/OneDrive/Dokumen/Semester 5/Data Mining 2/Week 14 (Final Project)/downloads_mp3/2018/m1a_GqJf02M - God's Plan.mp3
Kau Rumahku,Raissa Anggiani,2023,Pop,Pop,c:/Users/adief/OneDrive/Dokumen/Semester 5/Data Mining 2/Week 14 (Final Project)/downloads_mp3/2023/ZjNVi0iY7Ys - Raissa Anggiani (Rai) - Kau Rumahku (Official Audio).mp3
Young Dumb & Broke,Khalid,2018,R&B,R&B,c:/Users/adief/OneDrive/Dokumen/Semester 5/Data Mining 2/Week 14 (Final Project)/downloads_mp3/2018/g9Aaf1fWdLQ - Khalid - Young Dumb & Broke (Audio).mp3
Let It Go,James Bay,2016,Pop,Folk,c:/Users/adief/OneDrive/Dokumen/Semester 5/Data Mining 2/Week 14 (Final Project)/downloads_mp3/2016/-SWJSL8uhr8 - James Bay 'Let It Go' [Audio].mp3
Always,Daniel Caesar,2025,Soul,Soul,c:/Users/adief/OneDrive/Dokumen/Semester 5/Data Mining 2/Week 14 (Final Project)/downloads_mp3/2023/pKFd12id5oQ - Daniel Caesar - Always (Official Audio).mp3
Everglow,Coldplay,2016,Pop,Rock,c:/Users/adief/OneDrive/Dokumen/Semester 5/Data Mining 2/Week 14 (Final Project)/downloads_mp3/2016/2PFE2IJhlhQ - Everglow.mp3
We Don’t Talk Anymore (feat. Selena Gomez),Charlie Puth,2016,Pop,Pop,c:/Users/adief/OneDrive/Dokumen/Semester 5/Data Mining 2/Week 14 (Final Project)/downloads_mp3/2016/Pvcc5yEPpTc - Charlie Puth - We Don't Talk Anymore (feat. Selena Gomez) (Audio).mp3
MONEY,LISA,2022,Pop,Pop,c:/Users/adief/OneDrive/Dokumen/Semester 5/Data Mining 2/Week 14 (Final Project)/downloads_mp3/2022/vrZA5m4DBr4 - LISA - MONEY [Audio].mp3
Made You Look,Meghan Trainor,2023,Pop,Pop,c:/Users/adief/OneDrive/Dokumen/Semester 5/Data Mining 2/Week 14 (Final Project)/downloads_mp3/2023/gPCCYMeXin0 - Meghan Trainor - Made You Look (Official Music Video).mp3
Pura Pura Lupa,Mahen,2020,Pop,Pop,c:/Users/adief/OneDrive/Dokumen/Semester 5/Data Mining 2/Week 14 (Final Project)/downloads_mp3/2020/e8xGA0bLk2I - Mahen - Pura Pura Lupa (Official Lyric Video).mp3
Sial,Mahalini,2024,Pop,Pop,c:/Users/adief/OneDrive/Dokumen/Semester 5/Data Mining 2/Week 14 (Final Project)/downloads_mp3/2023/QSWYyoF79oE - MAHALINI - SIAL (OFFICIAL MUSIC VIDEO).mp3
Kupu - Kupu,Tiara Andini,2024,Pop,Pop,c:/Users/adief/OneDrive/Dokumen/Semester 5/Data Mining 2/Week 14 (Final Project)/downloads_mp3/2024/_A43rHc-VXg - Tiara Andini – Kupu - Kupu (Official Lyric Video).mp3
7 rings,Ariana Grande,2025,Pop,Pop,c:/Users/adief/OneDrive/Dokumen/Semester 5/Data Mining 2/Week 14 (Final Project)/downloads_mp3/2019/M84fFXooS5w - Ariana Grande - 7 rings (Official Audio).mp3
Peri Cintaku,Ziva Magnolya,2023,Pop,Pop,c:/Users/adief/OneDrive/Dokumen/Semester 5/Data Mining 2/Week 14 (Final Project)/downloads_mp3/2022/NXe1lCqkTe4 - Ziva Magnolya - Peri Cintaku (Official Lyric Video).mp3
Serana,For Revenge,2023,Pop,Pop,c:/Users/adief/OneDrive/Dokumen/Semester 5/Data Mining 2/Week 14 (Final Project)/downloads_mp3/2023/bGsMkd8qHWI - For Revenge - Serana (Official Lyric Video).mp3
One Call Away,Charlie Puth,2016,Pop,Pop,c:/Users/adief/OneDrive/Dokumen/Semester 5/Data Mining 2/Week 14 (Final Project)/downloads_mp3/2016/3lcSFAItC4E - Charlie Puth - One Call Away Official Audio.mp3
In My Feelings,Drake,2018,Hip Hop,Hip Hop,c:/Users/adief/OneDrive/Dokumen/Semester 5/Data Mining 2/Week 14 (Final Project)/downloads_mp3/2018/SD1tkI5-3dI - In My Feelings.mp3
Bertaut,Nadin Amizah,2021,Indie,Indie,c:/Users/adief/OneDrive/Dokumen/Semester 5/Data Mining 2/Week 14 (Final Project)/downloads_mp3/2021/uEwQtDZjFKs - Nadin Amizah - Bertaut (Official Lyric Video).mp3
Shape of You,Ed Sheeran,2019,Pop,Pop,c:/Users/adief/OneDrive/Dokumen/Semester 5/Data Mining 2/Week 14 (Final Project)/downloads_mp3/2017/_dK2tDK9grQ - Ed Sheeran - Shape Of You [Official Lyric Video].mp3
So Easy (To Fall In Love),Olivia Dean,2025,Pop,Pop,c:/Users/adief/OneDrive/Dokumen/Semester 5/Data Mining 2/Week 14 (Final Project)/downloads_mp3/2025/3sur4BmjQt8 - Olivia Dean - So Easy (To Fall In Love).mp3
Drowning (feat. Kodak Black),A Boogie wit da Hoodie,2017,Hip Hop,Hip Hop,c:/Users/adief/OneDrive/Dokumen/Semester 5/Data Mining 2/Week 14 (Final Project)/downloads_mp3/2017/rvaJ7QlhH0g - A Boogie Wit Da Hoodie - Drowning (feat. Kodak Black) [Official Audio].mp3
Dynamite,BTS,2020,Pop,Pop,c:/Users/adief/OneDrive/Dokumen/Semester 5/Data Mining 2/Week 14 (Final Project)/downloads_mp3/2020/OiMWFojB9Ok - BTS (방탄소년단) - DYNAMITE (Official Audio).mp3
"10,000 Hours",Dan + Shay,2020,Country,Country,"c:/Users/adief/OneDrive/Dokumen/Semester 5/Data Mining 2/Week 14 (Final Project)/downloads_mp3/2020/rdXTZAr1zBY - Dan + Shay, Justin Bieber - 10,000 Hours (Audio).mp3"
Always,Daniel Caesar,2023,Soul,Soul,c:/Users/adief/OneDrive/Dokumen/Semester 5/Data Mining 2/Week 14 (Final Project)/downloads_mp3/2023/pKFd12id5oQ - Daniel Caesar - Always (Official Audio).mp3
Tertawan Hati,Awdella,2023,Pop,Pop,c:/Users/adief/OneDrive/Dokumen/Semester 5/Data Mining 2/Week 14 (Final Project)/downloads_mp3/2023/XQzHF8DGYp8 - AWDELLA - TERTAWAN HATI (OFFICIAL MUSIC VIDEO).mp3
Kita Ke Sana,Hindia,2025,Indie,Indie,c:/Users/adief/OneDrive/Dokumen/Semester 5/Data Mining 2/Week 14 (Final Project)/downloads_mp3/2025/DrulgpXAGCA - Hindia - Kita ke Sana (Official Lyric Video).mp3
34+35,Ariana Grande,2021,Pop,Pop,c:/Users/adief/OneDrive/Dokumen/Semester 5/Data Mining 2/Week 14 (Final Project)/downloads_mp3/2021/lR5raZbD7fE - 34+35.mp3
ocean eyes,Billie Eilish,2025,Pop,Pop,c:/Users/adief/OneDrive/Dokumen/Semester 5/Data Mining 2/Week 14 (Final Project)/downloads_mp3/2019/d--DyK0wtYo - Billie Eilish - Ocean Eyes (Official Audio) - Lyrics In Description.mp3
abcdefu,GAYLE,2022,Pop,Pop,c:/Users/adief/OneDrive/Dokumen/Semester 5/Data Mining 2/Week 14 (Final Project)/downloads_mp3/2022/NaFd8ucHLuo - GAYLE - abcdefu (Official Music Video).mp3
DARARI,TREASURE,2022,Country,Pop,c:/Users/adief/OneDrive/Dokumen/Semester 5/Data Mining 2/Week 14 (Final Project)/downloads_mp3/2022/iqH-TkQ6CyM - TREASURE (트레저) - 다라리 (DARARI) (Audio).mp3
All Too Well (10 Minute Version) [Taylor's Version] [From The Vault],Taylor Swift,2025,Country,Country,c:/Users/adief/OneDrive/Dokumen/Semester 5/Data Mining 2/Week 14 (Final Project)/downloads_mp3/2022/sRxrwjOtIag - All Too Well (10 Minute Version) (Taylor's Version) (From The Vault) (Lyric Video).mp3
Runtuh,Feby Putri,2022,Pop,Pop,c:/Users/adief/OneDrive/Dokumen/Semester 5/Data Mining 2/Week 14 (Final Project)/downloads_mp3/2022/YrtS8MESh0I - Runtuh - Feby Putri feat. Fiersa Besari (Official Visualizer).mp3
ours to keep (feat. ADIS),Kendis,2025,Pop,Pop,c:/Users/adief/OneDrive/Dokumen/Semester 5/Data Mining 2/Week 14 (Final Project)/downloads_mp3/2025/hv-tflI7pM4 - Kendis - ours to keep (feat. adis) (Official Lyric Video).mp3
Blank Space,Taylor Swift,2023,Pop,Pop,c:/Users/adief/OneDrive/Dokumen/Semester 5/Data Mining 2/Week 14 (Final Project)/downloads_mp3/2016/2mIBS3fHp6A - Taylor Swift - Blank Space (Audio).mp3
Love Me Like You Do,Ellie Goulding,2016,Pop,Pop,c:/Users/adief/OneDrive/Dokumen/Semester 5/Data Mining 2/Week 14 (Final Project)/downloads_mp3/2016/725WlG1idPc - Ellie Goulding - Love Me Like You Do (Official Audio).mp3
Sour Candy,Lady Gaga,2020,Pop,Pop,"c:/Users/adief/OneDrive/Dokumen/Semester 5/Data Mining 2/Week 14 (Final Project)/downloads_mp3/2020/fnPn6At3v28 - Lady Gaga, BLACKPINK - Sour Candy (Audio).mp3"
So Easy (To Fall In Love),Olivia Dean,2025,Pop,Pop,c:/Users/adief/OneDrive/Dokumen/Semester 5/Data Mining 2/Week 14 (Final Project)/downloads_mp3/2025/3sur4BmjQt8 - Olivia Dean - So Easy (To Fall In Love).mp3
Man I Need,Olivia Dean,2025,Pop,Pop,c:/Users/adief/OneDrive/Dokumen/Semester 5/Data Mining 2/Week 14 (Final Project)/downloads_mp3/2025/JGKgbmz_gcU - Olivia Dean - Man I Need (Lyric Video).mp3
Close Friends,Lil Baby,2019,Hip Hop,Hip Hop,"c:/Users/adief/OneDrive/Dokumen/Semester 5/Data Mining 2/Week 14 (Final Project)/downloads_mp3/2019/nClKdcnzVsc - Lil Baby, Gunna - Close Friends (Audio).mp3"
STAY,The Kid LAROI,2022,Hip Hop,Hip Hop,"c:/Users/adief/OneDrive/Dokumen/Semester 5/Data Mining 2/Week 14 (Final Project)/downloads_mp3/2021/pd1_SxHh2vo - The Kid LAROI, Justin Bieber - Stay (Official Lyric Video).mp3"
Bertaut,Nadin Amizah,2024,Indie,Indie,c:/Users/adief/OneDrive/Dokumen/Semester 5/Data Mining 2/Week 14 (Final Project)/downloads_mp3/2021/uEwQtDZjFKs - Nadin Amizah - Bertaut (Official Lyric Video).mp3
APT.,ROSÉ,2024,Pop,Pop,c:/Users/adief/OneDrive/Dokumen/Semester 5/Data Mining 2/Week 14 (Final Project)/downloads_mp3/2024/8Ebqe2Dbzls - ROSÉ & Bruno Mars - APT. (Official Lyric Video).mp3
Lush Life,Zara Larsson,2016,Pop,Pop,c:/Users/adief/OneDrive/Dokumen/Semester 5/Data Mining 2/Week 14 (Final Project)/downloads_mp3/2016/MysKegBRtaA - Zara Larsson - Lush Life (Official Audio).mp3
Favorite Girl,Justin Bieber,2022,Pop,Pop,c:/Users/adief/OneDrive/Dokumen/Semester 5/Data Mining 2/Week 14 (Final Project)/downloads_mp3/2022/oHeQtFCeGlU - Justin Bieber - Favorite Girl (Lyrics).mp3
Permission to Dance,BTS,2022,Pop,Pop,c:/Users/adief/OneDrive/Dokumen/Semester 5/Data Mining 2/Week 14 (Final Project)/downloads_mp3/2021/CuklIb9d3fI - BTS (방탄소년단) 'Permission to Dance' Official MV.mp3
Ice Cream,BLACKPINK,2021,Pop,Pop,c:/Users/adief/OneDrive/Dokumen/Semester 5/Data Mining 2/Week 14 (Final Project)/downloads_mp3/2020/XAtDVHSE0UE - BLACKPINK - 'Ice Cream (with Selena Gomez)' Audio.mp3
Pilihan Yang Terbaik,Ziva Magnolya,2022,Pop,Pop,c:/Users/adief/OneDrive/Dokumen/Semester 5/Data Mining 2/Week 14 (Final Project)/downloads_mp3/2022/p8y3b2hAXxY - Ziva Magnolya - Pilihan Yang Terbaik (Official Lyric Video).mp3
God's Plan,Drake,2019,Hip Hop,Hip Hop,c:/Users/adief/OneDrive/Dokumen/Semester 5/Data Mining 2/Week 14 (Final Project)/downloads_mp3/2018/m1a_GqJf02M - God's Plan.mp3
Say You Won't Let Go,James Arthur,2016,Pop,Pop,c:/Users/adief/OneDrive/Dokumen/Semester 5/Data Mining 2/Week 14 (Final Project)/downloads_mp3/2017/0yW7w8F2TVA - James Arthur - Say You Won't Let Go.mp3
Ku Ingin Pisah,Nabila Taqiyyah,2024,Pop,Pop,c:/Users/adief/OneDrive/Dokumen/Semester 5/Data Mining 2/Week 14 (Final Project)/downloads_mp3/2024/AbIDpaRkdCY - Nabila Taqiyyah - Ku Ingin Pisah (Official Lyric Video).mp3
It's You,Sezairi,2021,Soul,Soul,c:/Users/adief/OneDrive/Dokumen/Semester 5/Data Mining 2/Week 14 (Final Project)/downloads_mp3/2021/1ieSEOX5OEE - Sezairi - It's You (Official Audio).mp3
Adu Rayu,Yovie Widianto,2025,Pop,Pop,c:/Users/adief/OneDrive/Dokumen/Semester 5/Data Mining 2/Week 14 (Final Project)/downloads_mp3/2020/rfWRkrhN2bA - Yovie Tulus Glenn - Adu Rayu (OFFICIAL LYRIC VIDEO).mp3
Ghost,Justin Bieber,2023,Electronic,Electronic,c:/Users/adief/OneDrive/Dokumen/Semester 5/Data Mining 2/Week 14 (Final Project)/downloads_mp3/2022/KRUWn3dLoRg - Justin Bieber - Ghost (Visualizer).mp3
Shape of You,Ed Sheeran,2017,Pop,Pop,c:/Users/adief/OneDrive/Dokumen/Semester 5/Data Mining 2/Week 14 (Final Project)/downloads_mp3/2017/_dK2tDK9grQ - Ed Sheeran - Shape Of You [Official Lyric Video].mp3
Calling My Spirit,Kodak Black,2019,Hip Hop,Hip Hop,c:/Users/adief/OneDrive/Dokumen/Semester 5/Data Mining 2/Week 14 (Final Project)/downloads_mp3/2019/ppSY98RGyBU - Kodak Black - Calling My Spirit [Official Video].mp3
Gone,ROSÉ,2021,Pop,Pop,c:/Users/adief/OneDrive/Dokumen/Semester 5/Data Mining 2/Week 14 (Final Project)/downloads_mp3/2021/K9_VFxzCuQ0 - ROSÉ - 'Gone' M⧸V.mp3
Wow.,Post Malone,2019,Hip Hop,Hip Hop,c:/Users/adief/OneDrive/Dokumen/Semester 5/Data Mining 2/Week 14 (Final Project)/downloads_mp3/2019/NA4uIFbVCPM - Post Malone - Wow. (Official Audio).mp3
Pikiran Yang Matang,Perunggu,2025,Indie,Indie,c:/Users/adief/OneDrive/Dokumen/Semester 5/Data Mining 2/Week 14 (Final Project)/downloads_mp3/2025/LfzUuUbC524 - Perunggu - Pikiran Yang Matang (Official Lyric Video).mp3
Akhir Cerita Cinta,Glenn Fredly,2021,Pop,Pop,c:/Users/adief/OneDrive/Dokumen/Semester 5/Data Mining 2/Week 14 (Final Project)/downloads_mp3/2020/dO7TUKGFui8 - Glenn Fredly - Akhir Cerita Cinta (Official Audio).mp3
Shape of You,Ed Sheeran,2018,Pop,Pop,c:/Users/adief/OneDrive/Dokumen/Semester 5/Data Mining 2/Week 14 (Final Project)/downloads_mp3/2017/_dK2tDK9grQ - Ed Sheeran - Shape Of You [Official Lyric Video].mp3
Pamit,Tulus,2016,Pop,Pop,c:/Users/adief/OneDrive/Dokumen/Semester 5/Data Mining 2/Week 14 (Final Project)/downloads_mp3/2016/3xNp8sjMOiU - TULUS - Pamit (Official Lyric Video).mp3
Close Friends,Lil Baby,2019,Hip Hop,Hip Hop,"c:/Users/adief/OneDrive/Dokumen/Semester 5/Data Mining 2/Week 14 (Final Project)/downloads_mp3/2019/nClKdcnzVsc - Lil Baby, Gunna - Close Friends (Audio).mp3"
Where Are Ü Now (with Justin Bieber),Jack Ü,2015,Electronic,Electronic,c:/Users/adief/OneDrive/Dokumen/Semester 5/Data Mining 2/Week 14 (Final Project)/downloads_mp3/2016/nntGTK2Fhb0 - Skrillex and Diplo - ＂Where Are Ü Now＂ with Justin Bieber (Official Video).mp3
Nice For What,Drake,2019,Hip Hop,Hip Hop,c:/Users/adief/OneDrive/Dokumen/Semester 5/Data Mining 2/Week 14 (Final Project)/downloads_mp3/2018/U9BwWKXjVaI - Drake - Nice For What.mp3
Sorry Not Sorry,Demi Lovato,2017,Pop,Pop,c:/Users/adief/OneDrive/Dokumen/Semester 5/Data Mining 2/Week 14 (Final Project)/downloads_mp3/2017/FyqjDe9e_hE - Demi Lovato - Sorry Not Sorry (Audio Only).mp3
Blank Space,Taylor Swift,2023,Pop,Pop,c:/Users/adief/OneDrive/Dokumen/Semester 5/Data Mining 2/Week 14 (Final Project)/downloads_mp3/2016/2mIBS3fHp6A - Taylor Swift - Blank Space (Audio).mp3
Akhir Cerita Cinta,Glenn Fredly,2022,Pop,Pop,c:/Users/adief/OneDrive/Dokumen/Semester 5/Data Mining 2/Week 14 (Final Project)/downloads_mp3/2020/dO7TUKGFui8 - Glenn Fredly - Akhir Cerita Cinta (Official Audio).mp3
bad guy,Billie Eilish,2020,Pop,Pop,c:/Users/adief/OneDrive/Dokumen/Semester 5/Data Mining 2/Week 14 (Final Project)/downloads_mp3/2019/YD4utuFiexw - Billie Eilish - bad guy (Audio).mp3
Christmas Tree,V,2022,Pop,Pop,c:/Users/adief/OneDrive/Dokumen/Semester 5/Data Mining 2/Week 14 (Final Project)/downloads_mp3/2022/1oq8Iesr1AU - [OFFICIAL AUDIO] V - Christmas Tree ：： 그 해 우리는(Our Beloved Summer) OST Part.5.mp3
Sign of the Times,Harry Styles,2017,Pop,Rock,c:/Users/adief/OneDrive/Dokumen/Semester 5/Data Mining 2/Week 14 (Final Project)/downloads_mp3/2017/z0GKGpObgPY - Harry Styles - Sign of the Times (Audio).mp3
Meant to Be,Bebe Rexha,2018,Pop,Pop,c:/Users/adief/OneDrive/Dokumen/Semester 5/Data Mining 2/Week 14 (Final Project)/downloads_mp3/2018/zDo0H8Fm7d0 - Bebe Rexha - Meant to Be (feat. Florida Georgia Line) [Official Music Video].mp3
SICKO MODE,Travis Scott,2018,Hip Hop,Hip Hop,c:/Users/adief/OneDrive/Dokumen/Semester 5/Data Mining 2/Week 14 (Final Project)/downloads_mp3/2018/d-JBBNg8YKs - Travis Scott - SICKO MODE (Audio).mp3
Left and Right,Charlie Puth,2022,Pop,Pop,c:/Users/adief/OneDrive/Dokumen/Semester 5/Data Mining 2/Week 14 (Final Project)/downloads_mp3/2022/a7GITgqwDVg - Charlie Puth - Left And Right (feat. Jung Kook of BTS) [Official Video].mp3
traitor,Olivia Rodrigo,2021,Pop,Pop,c:/Users/adief/OneDrive/Dokumen/Semester 5/Data Mining 2/Week 14 (Final Project)/downloads_mp3/2021/6tsu2oeZJgo - Olivia Rodrigo - traitor (Lyric Video).mp3
Jocelyn Flores,XXXTENTACION,2018,Hip Hop,Hip Hop,c:/Users/adief/OneDrive/Dokumen/Semester 5/Data Mining 2/Week 14 (Final Project)/downloads_mp3/2018/FAucVNRx_mU - XXXTENTACION - Jocelyn Flores (Audio).mp3
MIDDLE CHILD,J. Cole,2019,Hip Hop,Hip Hop,c:/Users/adief/OneDrive/Dokumen/Semester 5/Data Mining 2/Week 14 (Final Project)/downloads_mp3/2019/e8CLsYzE5wk - J. Cole - MIDDLE CHILD (Official Audio).mp3
Melawan Restu,Mahalini,2022,Pop,Pop,c:/Users/adief/OneDrive/Dokumen/Semester 5/Data Mining 2/Week 14 (Final Project)/downloads_mp3/2021/Svz5F8J1Ap0 - MAHALINI - MELAWAN RESTU (OFFICIAL MUSIC VIDEO).mp3
Lesung Pipi,Raim Laode,2025,Pop,Pop,c:/Users/adief/OneDrive/Dokumen/Semester 5/Data Mining 2/Week 14 (Final Project)/downloads_mp3/2025/mJE0ROBWPvY - Raim Laode - Lesung Pipi ( video lirik official ).mp3
Love Lies,Khalid,2018,Soul,Soul,c:/Users/adief/OneDrive/Dokumen/Semester 5/Data Mining 2/Week 14 (Final Project)/downloads_mp3/2018/izIyhdEHSPo - Khalid & Normani - Love Lies (Official Audio).mp3
ours to keep (feat. ADIS),Kendis,2025,Pop,Pop,c:/Users/adief/OneDrive/Dokumen/Semester 5/Data Mining 2/Week 14 (Final Project)/downloads_mp3/2025/hv-tflI7pM4 - Kendis - ours to keep (feat. adis) (Official Lyric Video).mp3
Super Shy,NewJeans,2023,Pop,Pop,c:/Users/adief/OneDrive/Dokumen/Semester 5/Data Mining 2/Week 14 (Final Project)/downloads_mp3/2023/n7ePZLn9_lQ - Super Shy.mp3
I'm Upset,Drake,2018,Hip Hop,Hip Hop,c:/Users/adief/OneDrive/Dokumen/Semester 5/Data Mining 2/Week 14 (Final Project)/downloads_mp3/2018/wS4ESheuHDY - Drake - I'm Upset (Official Audio).mp3
My Universe,Coldplay,2022,Pop,Pop,c:/Users/adief/OneDrive/Dokumen/Semester 5/Data Mining 2/Week 14 (Final Project)/downloads_mp3/2022/bZYPI4mYwhw - Coldplay X BTS - My Universe (Official Lyric Video).mp3
What Do You Mean?,Justin Bieber,2016,Pop,Pop,c:/Users/adief/OneDrive/Dokumen/Semester 5/Data Mining 2/Week 14 (Final Project)/downloads_mp3/2016/NywWB67Z7zQ - Justin Bieber - What Do You Mean？ (Lyric Video).mp3
Bodak Yellow,Cardi B,2017,Hip Hop,Hip Hop,c:/Users/adief/OneDrive/Dokumen/Semester 5/Data Mining 2/Week 14 (Final Project)/downloads_mp3/2017/PEGccV-NOm8 - Cardi B - Bodak Yellow [OFFICIAL MUSIC VIDEO].mp3
HAHAHA,Juicy Luicy,2024,Pop,Pop,c:/Users/adief/OneDrive/Dokumen/Semester 5/Data Mining 2/Week 14 (Final Project)/downloads_mp3/2024/y5f0mqXJJCU - Juicy Luicy - HAHAHA (Official Lyric Video).mp3
YOUTH,Troye Sivan,2016,Pop,Pop,c:/Users/adief/OneDrive/Dokumen/Semester 5/Data Mining 2/Week 14 (Final Project)/downloads_mp3/2016/Io2Yjy3nV_c - Troye Sivan - YOUTH (Lyric Video).mp3
Kini Mereka Tahu,Bernadya,2024,Pop,Pop,c:/Users/adief/OneDrive/Dokumen/Semester 5/Data Mining 2/Week 14 (Final Project)/downloads_mp3/2024/nXOfv4-tT9o - Bernadya - Kini Mereka Tahu (Official Video).mp3
Blue Ain't Your Color,Keith Urban,2017,Country,Country,c:/Users/adief/OneDrive/Dokumen/Semester 5/Data Mining 2/Week 14 (Final Project)/downloads_mp3/2017/N6Z_iyd7MIQ - Keith Urban - Blue Ain't Your Color (Official Audio).mp3
Happy,Skinnyfabs,2021,Pop,Indie,c:/Users/adief/OneDrive/Dokumen/Semester 5/Data Mining 2/Week 14 (Final Project)/downloads_mp3/2021/qiQn5tYXdGA - skinnyfabs - happy (audio).mp3
Peri Cintaku,Ziva Magnolya,2022,Pop,Pop,c:/Users/adief/OneDrive/Dokumen/Semester 5/Data Mining 2/Week 14 (Final Project)/downloads_mp3/2022/NXe1lCqkTe4 - Ziva Magnolya - Peri Cintaku (Official Lyric Video).mp3
Please Please Please,Sabrina Carpenter,2024,Pop,Pop,c:/Users/adief/OneDrive/Dokumen/Semester 5/Data Mining 2/Week 14 (Final Project)/downloads_mp3/2024/Yl_thbk40A0 - Sabrina Carpenter - Please Please Please (Lyric Video).mp3
Mean It,Lauv,2020,Pop,Pop,c:/Users/adief/OneDrive/Dokumen/Semester 5/Data Mining 2/Week 14 (Final Project)/downloads_mp3/2020/mAxMNppfUp4 - Lauv & LANY - Mean It [Official Visualizer].mp3
Watermelon Sugar,Harry Styles,2021,Pop,Pop,c:/Users/adief/OneDrive/Dokumen/Semester 5/Data Mining 2/Week 14 (Final Project)/downloads_mp3/2020/7-x3uD5z1bQ - Harry Styles - Watermelon Sugar (Official Audio).mp3
Manchild,Sabrina Carpenter,2025,Pop,Pop,c:/Users/adief/OneDrive/Dokumen/Semester 5/Data Mining 2/Week 14 (Final Project)/downloads_mp3/2025/BlTopk-muo4 - Manchild.mp3
Hurts So Good,Astrid S,2021,Pop,Pop,c:/Users/adief/OneDrive/Dokumen/Semester 5/Data Mining 2/Week 14 (Final Project)/downloads_mp3/2021/4fqwVBuunxY - Astrid S - Hurts So Good.mp3
Lover,Taylor Swift,2024,Pop,Pop,c:/Users/adief/OneDrive/Dokumen/Semester 5/Data Mining 2/Week 14 (Final Project)/downloads_mp3/2023/cvUAzpn48xA - Taylor Swift - Lover (Official Lyric Video).mp3
Tak Ada Ujungnya,Rony Parulian,2025,Pop,Pop,c:/Users/adief/OneDrive/Dokumen/Semester 5/Data Mining 2/Week 14 (Final Project)/downloads_mp3/2025/20mna4uNz5w - Rony Parulian - Tak Ada Ujungnya (Official Lyric Video).mp3
Celengan Rindu,Fiersa Besari,2020,Indie,Indie,c:/Users/adief/OneDrive/Dokumen/Semester 5/Data Mining 2/Week 14 (Final Project)/downloads_mp3/2020/1zGalAgnS0U - Celengan Rindu.mp3
Murder on My Mind,YNW Melly,2019,Hip Hop,Hip Hop,c:/Users/adief/OneDrive/Dokumen/Semester 5/Data Mining 2/Week 14 (Final Project)/downloads_mp3/2019/zFW5-ABDC-8 - YNW Melly - Murder On My MInd (Audio).mp3
Sisa Rasa,Mahalini,2024,Pop,Pop,c:/Users/adief/OneDrive/Dokumen/Semester 5/Data Mining 2/Week 14 (Final Project)/downloads_mp3/2022/Wh66ThpxvI4 - MAHALINI - SISA RASA (OFFICIAL MUSIC VIDEO).mp3
back to friends,sombr,2025,Indie,Indie,c:/Users/adief/OneDrive/Dokumen/Semester 5/Data Mining 2/Week 14 (Final Project)/downloads_mp3/2025/fOQ_-gZsnYQ - sombr - back to friends (official audio).mp3
Cuek,Rizky Febian,2021,Pop,Pop,c:/Users/adief/OneDrive/Dokumen/Semester 5/Data Mining 2/Week 14 (Final Project)/downloads_mp3/2021/bKCD7WDnfJA - Rizky Febian - Cuek #GarisCinta [Official Lyric Video].mp3
My Love Mine All Mine,Mitski,2024,Pop,Indie,c:/Users/adief/OneDrive/Dokumen/Semester 5/Data Mining 2/Week 14 (Final Project)/downloads_mp3/2024/CwGbMYLjIpQ - Mitski - My Love Mine All Mine (Official Lyric Video).mp3
Save Your Tears (Remix),The Weeknd,2022,Indie,Pop,c:/Users/adief/OneDrive/Dokumen/Semester 5/Data Mining 2/Week 14 (Final Project)/downloads_mp3/2021/LIIDh-qI9oI - The Weeknd & Ariana Grande - Save Your Tears (Remix) (Official Video).mp3
Sofia,Clairo,2021,Pop,Pop,c:/Users/adief/OneDrive/Dokumen/Semester 5/Data Mining 2/Week 14 (Final Project)/downloads_mp3/2021/L9l8zCOwEII - Clairo - Sofia.mp3
Asmalibrasi,Soegi Bornean,2022,Indie,Indie,c:/Users/adief/OneDrive/Dokumen/Semester 5/Data Mining 2/Week 14 (Final Project)/downloads_mp3/2022/cQGfLDnmWS8 - Soegi Bornean - Asmalibrasi (Official Music Video).mp3
Dance Monkey,Tones And I,2020,Pop,Pop,c:/Users/adief/OneDrive/Dokumen/Semester 5/Data Mining 2/Week 14 (Final Project)/downloads_mp3/2020/q0hyYWKXF0Q - TONES AND I - DANCE MONKEY (OFFICIAL VIDEO).mp3
Mob Ties,Drake,2018,Hip Hop,Hip Hop,c:/Users/adief/OneDrive/Dokumen/Semester 5/Data Mining 2/Week 14 (Final Project)/downloads_mp3/2018/pzAIhjxEemw - Mob Ties.mp3
Writing's On the Wall,Sam Smith,2016,Pop,Pop,c:/Users/adief/OneDrive/Dokumen/Semester 5/Data Mining 2/Week 14 (Final Project)/downloads_mp3/2016/l5wlpOhuhnE - Sam Smith - Writing's On The Wall (Audio).mp3
Bawa Dia Kembali,Mahalini,2025,Pop,Pop,c:/Users/adief/OneDrive/Dokumen/Semester 5/Data Mining 2/Week 14 (Final Project)/downloads_mp3/2023/dq2i49uwEJg - MAHALINI - BAWA DIA KEMBALI #FABULA (VIDEO LIRIK) LIRIK LAGU TERBARU.mp3
Tertawan Hati,Awdella,2023,Pop,Pop,c:/Users/adief/OneDrive/Dokumen/Semester 5/Data Mining 2/Week 14 (Final Project)/downloads_mp3/2023/XQzHF8DGYp8 - AWDELLA - TERTAWAN HATI (OFFICIAL MUSIC VIDEO).mp3
Lama-Lama,Bernadya,2024,Pop,Pop,c:/Users/adief/OneDrive/Dokumen/Semester 5/Data Mining 2/Week 14 (Final Project)/downloads_mp3/2024/-HdxWBRV86w - Bernadya - Lama-Lama (Official Video).mp3
Mean It,Lauv,2020,Pop,Pop,c:/Users/adief/OneDrive/Dokumen/Semester 5/Data Mining 2/Week 14 (Final Project)/downloads_mp3/2020/mAxMNppfUp4 - Lauv & LANY - Mean It [Official Visualizer].mp3
Let Down,Radiohead,2025,Rock,Rock,c:/Users/adief/OneDrive/Dokumen/Semester 5/Data Mining 2/Week 14 (Final Project)/downloads_mp3/2025/ZVgHPSyEIqk - Let Down (Remastered).mp3
33x,Perunggu,2025,Indie,Indie,c:/Users/adief/OneDrive/Dokumen/Semester 5/Data Mining 2/Week 14 (Final Project)/downloads_mp3/2025/cUnYmncAvP4 - Perunggu - 33x (Video Lirik).mp3
All Too Well (10 Minute Version) [Taylor's Version] [From The Vault],Taylor Swift,2024,Country,Country,c:/Users/adief/OneDrive/Dokumen/Semester 5/Data Mining 2/Week 14 (Final Project)/downloads_mp3/2022/sRxrwjOtIag - All Too Well (10 Minute Version) (Taylor's Version) (From The Vault) (Lyric Video).mp3
On The Ground,ROSÉ,2021,Pop,Pop,c:/Users/adief/OneDrive/Dokumen/Semester 5/Data Mining 2/Week 14 (Final Project)/downloads_mp3/2021/M2M5Tm64swM - ROSÉ - On The Ground (Audio).mp3
Don't Start Now,Dua Lipa,2020,Pop,Pop,c:/Users/adief/OneDrive/Dokumen/Semester 5/Data Mining 2/Week 14 (Final Project)/downloads_mp3/2020/xjiYBGs0TUA - Dua Lipa - Don't Start Now (Official Lyrics Video).mp3
Tak Dianggap,Lyodra,2024,Pop,Pop,c:/Users/adief/OneDrive/Dokumen/Semester 5/Data Mining 2/Week 14 (Final Project)/downloads_mp3/2024/NwbPApKTaY4 - Lyodra - Tak Dianggap (Official Lyric Video).mp3
Surrender,Natalie Taylor,2020,Pop,Pop,c:/Users/adief/OneDrive/Dokumen/Semester 5/Data Mining 2/Week 14 (Final Project)/downloads_mp3/2020/6XfH1AGXKNM - Natalie Taylor - Surrender (Official Audio).mp3
Melukis Senja,Budi Doremi,2021,Pop,Pop,c:/Users/adief/OneDrive/Dokumen/Semester 5/Data Mining 2/Week 14 (Final Project)/downloads_mp3/2021/Q2iRoPXEG80 - Budi Doremi - Melukis Senja (Official Audio).mp3
Dynamite,BTS,2022,Pop,Pop,c:/Users/adief/OneDrive/Dokumen/Semester 5/Data Mining 2/Week 14 (Final Project)/downloads_mp3/2020/OiMWFojB9Ok - BTS (방탄소년단) - DYNAMITE (Official Audio).mp3
As It Was,Harry Styles,2022,Pop,Pop,c:/Users/adief/OneDrive/Dokumen/Semester 5/Data Mining 2/Week 14 (Final Project)/downloads_mp3/2022/V1Z586zoeeE - Harry Styles - As It Was (Audio).mp3
Kill Em With Kindness,Selena Gomez,2016,Pop,Pop,c:/Users/adief/OneDrive/Dokumen/Semester 5/Data Mining 2/Week 14 (Final Project)/downloads_mp3/2016/0qBsP-cfsNA - Selena Gomez - Kill Em With Kindness (Official Audio).mp3
One Last Time,Ariana Grande,2025,Pop,Pop,c:/Users/adief/OneDrive/Dokumen/Semester 5/Data Mining 2/Week 14 (Final Project)/downloads_mp3/2016/Wg92RrNhB8s - Ariana Grande - One Last Time (Official Lyric Video).mp3
Close Friends,Lil Baby,2019,Hip Hop,Hip Hop,"c:/Users/adief/OneDrive/Dokumen/Semester 5/Data Mining 2/Week 14 (Final Project)/downloads_mp3/2019/nClKdcnzVsc - Lil Baby, Gunna - Close Friends (Audio).mp3"
Slippery (feat. Gucci Mane),Migos,2017,Hip Hop,Hip Hop,c:/Users/adief/OneDrive/Dokumen/Semester 5/Data Mining 2/Week 14 (Final Project)/downloads_mp3/2017/Hm1YFszJWbQ - Migos - Slippery feat. Gucci Mane [Official Video].mp3
Siapkah Kau 'Tuk Jatuh Cinta Lagi,HIVI!,2024,Pop,Pop,c:/Users/adief/OneDrive/Dokumen/Semester 5/Data Mining 2/Week 14 (Final Project)/downloads_mp3/2023/kX1O93X77d4 - HIVI! - Siapkah Kau 'Tuk Jatuh Cinta Lagi (Official Lyric Video).mp3
Thinking Out Loud,Ed Sheeran,2016,Pop,Pop,c:/Users/adief/OneDrive/Dokumen/Semester 5/Data Mining 2/Week 14 (Final Project)/downloads_mp3/2016/WpyfrixXBqU - Ed Sheeran - Thinking Out Loud [Official Audio].mp3
Believer,Imagine Dragons,2017,Rock,Rock,c:/Users/adief/OneDrive/Dokumen/Semester 5/Data Mining 2/Week 14 (Final Project)/downloads_mp3/2017/IhP3J0j9JmY - Imagine Dragons - Believer (Audio).mp3
7 Years,Lukas Graham,2016,Pop,Pop,c:/Users/adief/OneDrive/Dokumen/Semester 5/Data Mining 2/Week 14 (Final Project)/downloads_mp3/2016/LHCob76kigA - Lukas Graham - 7 Years [Official Music Video].mp3
Merasa Indah,Tiara Andini,2022,Pop,Pop,c:/Users/adief/OneDrive/Dokumen/Semester 5/Data Mining 2/Week 14 (Final Project)/downloads_mp3/2022/iTJvrId5Bmo - Tiara Andini - Merasa Indah (Official Lyric Video).mp3
Never Forget You,Zara Larsson,2016,Electronic,Electronic,c:/Users/adief/OneDrive/Dokumen/Semester 5/Data Mining 2/Week 14 (Final Project)/downloads_mp3/2016/ZlARJAmytnk - Zara Larsson & MNEK - Never Forget You (Official Audio).mp3
THE SHADE,Rex Orange County,2022,Pop,Pop,c:/Users/adief/OneDrive/Dokumen/Semester 5/Data Mining 2/Week 14 (Final Project)/downloads_mp3/2022/G5kH8JQs7LY - Rex Orange County - THE SHADE (Official Audio).mp3
Levitating (feat. DaBaby),Dua Lipa,2021,Pop,Pop,c:/Users/adief/OneDrive/Dokumen/Semester 5/Data Mining 2/Week 14 (Final Project)/downloads_mp3/2021/PqbJJNuVMoc - Dua Lipa - Levitating (feat. DaBaby) [Official Audio].mp3
intro (end of the world),Ariana Grande,2024,Pop,Pop,c:/Users/adief/OneDrive/Dokumen/Semester 5/Data Mining 2/Week 14 (Final Project)/downloads_mp3/2024/ztotaQ79eek - Ariana Grande - intro (end of the world) (extended) (lyric visualizer).mp3
XXL,LANY,2025,Pop,Pop,c:/Users/adief/OneDrive/Dokumen/Semester 5/Data Mining 2/Week 14 (Final Project)/downloads_mp3/2025/aiSBQIfcGEU - LANY - XXL (Official Lyric Video).mp3
Hati-Hati di Jalan,Tulus,2024,Pop,Pop,c:/Users/adief/OneDrive/Dokumen/Semester 5/Data Mining 2/Week 14 (Final Project)/downloads_mp3/2022/_N6vSc_mT6I - TULUS - Hati-Hati di Jalan (Official Lyric Video).mp3
Tertawan Hati,Awdella,2024,Pop,Pop,c:/Users/adief/OneDrive/Dokumen/Semester 5/Data Mining 2/Week 14 (Final Project)/downloads_mp3/2023/XQzHF8DGYp8 - AWDELLA - TERTAWAN HATI (OFFICIAL MUSIC VIDEO).mp3
Stir Fry,Migos,2018,Hip Hop,Hip Hop,c:/Users/adief/OneDrive/Dokumen/Semester 5/Data Mining 2/Week 14 (Final Project)/downloads_mp3/2018/0j82Oygrol0 - Migos - Stir Fry (Official Audio).mp3
Slow Hands,Niall Horan,2017,Pop,Pop,c:/Users/adief/OneDrive/Dokumen/Semester 5/Data Mining 2/Week 14 (Final Project)/downloads_mp3/2017/o5FzCz8NC58 - Niall Horan - Slow Hands (Official Audio).mp3
Aku Milikmu,Dewa 19,2024,Pop,Pop,c:/Users/adief/OneDrive/Dokumen/Semester 5/Data Mining 2/Week 14 (Final Project)/downloads_mp3/2024/LyH94L1yOTk - Aku Milikmu (Remastered 2023).mp3
Usai,Tiara Andini,2023,Pop,Pop,c:/Users/adief/OneDrive/Dokumen/Semester 5/Data Mining 2/Week 14 (Final Project)/downloads_mp3/2023/lLYz-dUXcDI - Tiara Andini - Usai (Official Lyric Video).mp3
YOUTH,Troye Sivan,2016,Pop,Pop,c:/Users/adief/OneDrive/Dokumen/Semester 5/Data Mining 2/Week 14 (Final Project)/downloads_mp3/2016/Io2Yjy3nV_c - Troye Sivan - YOUTH (Lyric Video).mp3
Hands To Myself,Selena Gomez,2016,Pop,Pop,c:/Users/adief/OneDrive/Dokumen/Semester 5/Data Mining 2/Week 14 (Final Project)/downloads_mp3/2016/N_-RzWTJ8l8 - Selena Gomez - Hands To Myself (Official Audio).mp3
Shivers,Ed Sheeran,2022,Pop,Pop,c:/Users/adief/OneDrive/Dokumen/Semester 5/Data Mining 2/Week 14 (Final Project)/downloads_mp3/2022/z2_Lrg6rRks - Ed Sheeran - Shivers [Official Lyric Video].mp3
Pesan Terakhir,Lyodra,2025,Pop,Pop,c:/Users/adief/OneDrive/Dokumen/Semester 5/Data Mining 2/Week 14 (Final Project)/downloads_mp3/2021/pu7kkMAmiMM - Lyodra - Pesan Terakhir (Official Audio).mp3
happier,Olivia Rodrigo,2021,Pop,Pop,c:/Users/adief/OneDrive/Dokumen/Semester 5/Data Mining 2/Week 14 (Final Project)/downloads_mp3/2021/FT0Xp2BrVZA - happier.mp3
Tak Ingin Usai,Keisya Levronka,2023,Pop,Pop,c:/Users/adief/OneDrive/Dokumen/Semester 5/Data Mining 2/Week 14 (Final Project)/downloads_mp3/2022/FB1YNEOspyA - Keisya Levronka - Tak Ingin Usai (Official Lyric Video).mp3
Sisa Rasa,Mahalini,2022,Pop,Pop,c:/Users/adief/OneDrive/Dokumen/Semester 5/Data Mining 2/Week 14 (Final Project)/downloads_mp3/2022/Wh66ThpxvI4 - MAHALINI - SISA RASA (OFFICIAL MUSIC VIDEO).mp3
Chains,Nick Jonas,2015,Indie,Pop,c:/Users/adief/OneDrive/Dokumen/Semester 5/Data Mining 2/Week 14 (Final Project)/downloads_mp3/2017/RhU9MZ98jxo - The Chainsmokers - Paris (Official Lyric Video).mp3
Lucid Dreams,Juice WRLD,2019,Hip Hop,Hip Hop,c:/Users/adief/OneDrive/Dokumen/Semester 5/Data Mining 2/Week 14 (Final Project)/downloads_mp3/2019/onbC6N-QGPc - Juice WRLD ＂Lucid Dreams (Forget Me)＂ (Official Audio).mp3
Pura Pura Lupa,Mahen,2021,Pop,Pop,c:/Users/adief/OneDrive/Dokumen/Semester 5/Data Mining 2/Week 14 (Final Project)/downloads_mp3/2020/e8xGA0bLk2I - Mahen - Pura Pura Lupa (Official Lyric Video).mp3
7 rings,Ariana Grande,2025,Pop,Pop,c:/Users/adief/OneDrive/Dokumen/Semester 5/Data Mining 2/Week 14 (Final Project)/downloads_mp3/2019/M84fFXooS5w - Ariana Grande - 7 rings (Official Audio).mp3
Somebody's Pleasure,Aziz Hedra,2024,Pop,Pop,c:/Users/adief/OneDrive/Dokumen/Semester 5/Data Mining 2/Week 14 (Final Project)/downloads_mp3/2023/PD0hHwbunXI - Aziz Hedra - Somebody’s Pleasure (Official Audio).mp3
Hype Boy,NewJeans,2023,Pop,Pop,c:/Users/adief/OneDrive/Dokumen/Semester 5/Data Mining 2/Week 14 (Final Project)/downloads_mp3/2023/T--6HBX2K4g - NewJeans (뉴진스) - Hype Boy 「Official Audio」.mp3
Happy,Skinnyfabs,2021,Pop,Indie,c:/Users/adief/OneDrive/Dokumen/Semester 5/Data Mining 2/Week 14 (Final Project)/downloads_mp3/2021/qiQn5tYXdGA - skinnyfabs - happy (audio).mp3
Location Unknown (feat. BEKA) [Brooklyn Session],HONNE,2021,Pop,R&B,c:/Users/adief/OneDrive/Dokumen/Semester 5/Data Mining 2/Week 14 (Final Project)/downloads_mp3/2020/btIQvYcLNoI - HONNE - Location Unknown ◐ (feat. BEKA) (Brooklyn Session).mp3
Hati-Hati di Jalan,Tulus,2022,Pop,Pop,c:/Users/adief/OneDrive/Dokumen/Semester 5/Data Mining 2/Week 14 (Final Project)/downloads_mp3/2022/_N6vSc_mT6I - TULUS - Hati-Hati di Jalan (Official Lyric Video).mp3
Kali Kedua,Raisa,2016,Pop,Pop,c:/Users/adief/OneDrive/Dokumen/Semester 5/Data Mining 2/Week 14 (Final Project)/downloads_mp3/2016/Lr1Ls5Xs4wQ - Raisa - Kali Kedua (Official Lyric Video).mp3
Akhir Cerita Cinta,Glenn Fredly,2021,Pop,Pop,c:/Users/adief/OneDrive/Dokumen/Semester 5/Data Mining 2/Week 14 (Final Project)/downloads_mp3/2020/dO7TUKGFui8 - Glenn Fredly - Akhir Cerita Cinta (Official Audio).mp3
SHEESH,BABYMONSTER,2024,Pop,Pop,c:/Users/adief/OneDrive/Dokumen/Semester 5/Data Mining 2/Week 14 (Final Project)/downloads_mp3/2024/lEThmt0saQg - BABYMONSTER - ‘SHEESH’ (Official Audio).mp3
I Love You but I'm Letting Go,Pamungkas,2020,Indie,Indie,c:/Users/adief/OneDrive/Dokumen/Semester 5/Data Mining 2/Week 14 (Final Project)/downloads_mp3/2020/NO_cVedXdmM - Pamungkas -  I Love You But I'm Letting Go.mp3
Maafkan Aku #terlanjurmencinta,Tiara Andini,2022,Pop,Pop,c:/Users/adief/OneDrive/Dokumen/Semester 5/Data Mining 2/Week 14 (Final Project)/downloads_mp3/2020/o24tFFUP8vo - Tiara Andini - Maafkan Aku #TerlanjurMencinta (Official Lyric Video).mp3
drivers license,Olivia Rodrigo,2022,Pop,Pop,c:/Users/adief/OneDrive/Dokumen/Semester 5/Data Mining 2/Week 14 (Final Project)/downloads_mp3/2021/tNJhkrpLGT8 - drivers license.mp3
One Last Time,Ariana Grande,2015,Pop,Pop,c:/Users/adief/OneDrive/Dokumen/Semester 5/Data Mining 2/Week 14 (Final Project)/downloads_mp3/2016/Wg92RrNhB8s - Ariana Grande - One Last Time (Official Lyric Video).mp3
One Last Time,Ariana Grande,2015,Pop,Pop,c:/Users/adief/OneDrive/Dokumen/Semester 5/Data Mining 2/Week 14 (Final Project)/downloads_mp3/2016/Wg92RrNhB8s - Ariana Grande - One Last Time (Official Lyric Video).mp3
Tutur Batin,Yura Yunita,2023,Pop,Pop,c:/Users/adief/OneDrive/Dokumen/Semester 5/Data Mining 2/Week 14 (Final Project)/downloads_mp3/2022/BbsePATM2ww - Yura Yunita - Tutur Batin (Official Lyric Video).mp3
T-Shirt,Migos,2017,Hip Hop,Hip Hop,c:/Users/adief/OneDrive/Dokumen/Semester 5/Data Mining 2/Week 14 (Final Project)/downloads_mp3/2017/HY_AGx1e2SA - Migos - T-Shirt (Culture).mp3
Terlalu Tinggi,Juicy Luicy,2024,Pop,Pop,c:/Users/adief/OneDrive/Dokumen/Semester 5/Data Mining 2/Week 14 (Final Project)/downloads_mp3/2024/qOTy-cxc838 - Juicy Luicy - Terlalu Tinggi (Official Lyric Video).mp3
Hurts So Good,Astrid S,2021,Pop,Pop,c:/Users/adief/OneDrive/Dokumen/Semester 5/Data Mining 2/Week 14 (Final Project)/downloads_mp3/2021/4fqwVBuunxY - Astrid S - Hurts So Good.mp3
Before You Go,Lewis Capaldi,2020,Pop,Pop,c:/Users/adief/OneDrive/Dokumen/Semester 5/Data Mining 2/Week 14 (Final Project)/downloads_mp3/2020/QpljgJPFWl8 - Lewis Capaldi - Before You Go (Lyric Video).mp3
Magnetic,ILLIT,2024,Pop,Pop,c:/Users/adief/OneDrive/Dokumen/Semester 5/Data Mining 2/Week 14 (Final Project)/downloads_mp3/2024/YVMUjAE-0SM - ILLIT (아일릿) 'Magnetic' Official Audio.mp3
To the Bone,Pamungkas,2022,Indie,Indie,c:/Users/adief/OneDrive/Dokumen/Semester 5/Data Mining 2/Week 14 (Final Project)/downloads_mp3/2021/oIYWenB637c - Pamungkas - To The Bone (Official Music Video).mp3
Menghapus Jejakmu,Bunga Citra Lestari,2021,Pop,Pop,c:/Users/adief/OneDrive/Dokumen/Semester 5/Data Mining 2/Week 14 (Final Project)/downloads_mp3/2020/SKV13bVJKJ4 - BCL & Ariel NOAH  - Menghapus Jejakmu.mp3
Terserah,Raisa,2025,Pop,Pop,c:/Users/adief/OneDrive/Dokumen/Semester 5/Data Mining 2/Week 14 (Final Project)/downloads_mp3/2025/CTJtyRXlpo4 - Raisa - Terserah (Official Lyric Video).mp3
Pura Pura Lupa,Mahen,2021,Pop,Pop,c:/Users/adief/OneDrive/Dokumen/Semester 5/Data Mining 2/Week 14 (Final Project)/downloads_mp3/2020/e8xGA0bLk2I - Mahen - Pura Pura Lupa (Official Lyric Video).mp3
Call Out My Name,The Weeknd,2018,Pop,R&B,c:/Users/adief/OneDrive/Dokumen/Semester 5/Data Mining 2/Week 14 (Final Project)/downloads_mp3/2018/rsEne1ZiQrk - The Weeknd - Call Out My Name (Official Audio).mp3
idontwannabeyouanymore,Billie Eilish,2019,Pop,Pop,c:/Users/adief/OneDrive/Dokumen/Semester 5/Data Mining 2/Week 14 (Final Project)/downloads_mp3/2019/WnUR3be5Ebk - Billie Eilish - idontwannabeyouanymore (Official Audio).mp3
everything i wanted,Billie Eilish,2020,Pop,Pop,c:/Users/adief/OneDrive/Dokumen/Semester 5/Data Mining 2/Week 14 (Final Project)/downloads_mp3/2020/qCTMq7xvdXU - Billie Eilish - everything i wanted (Audio).mp3
HandClap,Fitz and The Tantrums,2017,Soul,Soul,c:/Users/adief/OneDrive/Dokumen/Semester 5/Data Mining 2/Week 14 (Final Project)/downloads_mp3/2017/Y2V6yjjPbX0 - Fitz and the Tantrums - HandClap [Official Video].mp3
Butter,BTS,2022,Pop,Pop,c:/Users/adief/OneDrive/Dokumen/Semester 5/Data Mining 2/Week 14 (Final Project)/downloads_mp3/2021/o9mLyHtSLjk - BTS (방탄소년단) 'Butter''.mp3
Lily,Alan Walker,2020,Electronic,Electronic,c:/Users/adief/OneDrive/Dokumen/Semester 5/Data Mining 2/Week 14 (Final Project)/downloads_mp3/2020/hdonNbzHHXE - Alan Walker - Lily ft. K-391 & Emelie Hollow (Official Lyric Video).mp3
Adore You,Harry Styles,2020,Pop,Pop,c:/Users/adief/OneDrive/Dokumen/Semester 5/Data Mining 2/Week 14 (Final Project)/downloads_mp3/2020/iquhBgM-Qv0 - Harry Styles - Adore You (Official Audio).mp3
idontwannabeyouanymore,Billie Eilish,2019,Pop,Pop,c:/Users/adief/OneDrive/Dokumen/Semester 5/Data Mining 2/Week 14 (Final Project)/downloads_mp3/2019/WnUR3be5Ebk - Billie Eilish - idontwannabeyouanymore (Official Audio).mp3
Interaksi,Tulus,2022,Pop,Pop,c:/Users/adief/OneDrive/Dokumen/Semester 5/Data Mining 2/Week 14 (Final Project)/downloads_mp3/2022/GIy9ZbH0sHo - TULUS - Interaksi (Official Lyric Video).mp3
One Call Away,Charlie Puth,2016,Pop,Pop,c:/Users/adief/OneDrive/Dokumen/Semester 5/Data Mining 2/Week 14 (Final Project)/downloads_mp3/2016/3lcSFAItC4E - Charlie Puth - One Call Away Official Audio.mp3
Hilang Tanpa Bilang,Meiska,2024,Pop,Pop,c:/Users/adief/OneDrive/Dokumen/Semester 5/Data Mining 2/Week 14 (Final Project)/downloads_mp3/2024/oyyqQHaJflY - Meiska - Hilang Tanpa Bilang (Official Audio).mp3
PILLOWTALK,ZAYN,2016,Pop,Pop,c:/Users/adief/OneDrive/Dokumen/Semester 5/Data Mining 2/Week 14 (Final Project)/downloads_mp3/2016/Yo0JpyvcB00 - PILLOWTALK.mp3
Talking to the Moon,Bruno Mars,2021,Pop,Pop,c:/Users/adief/OneDrive/Dokumen/Semester 5/Data Mining 2/Week 14 (Final Project)/downloads_mp3/2021/fXw0jcYbqdo - Bruno Mars - Talking To The Moon (Official Lyric Video).mp3
Lover,Taylor Swift,2023,Pop,Pop,c:/Users/adief/OneDrive/Dokumen/Semester 5/Data Mining 2/Week 14 (Final Project)/downloads_mp3/2023/cvUAzpn48xA - Taylor Swift - Lover (Official Lyric Video).mp3
Perfect,Ed Sheeran,2025,Pop,Pop,c:/Users/adief/OneDrive/Dokumen/Semester 5/Data Mining 2/Week 14 (Final Project)/downloads_mp3/2018/iKzRIweSBLA - Ed Sheeran - Perfect [Official Lyric Video].mp3
Favorite Girl,Justin Bieber,2022,Pop,Pop,c:/Users/adief/OneDrive/Dokumen/Semester 5/Data Mining 2/Week 14 (Final Project)/downloads_mp3/2022/oHeQtFCeGlU - Justin Bieber - Favorite Girl (Lyrics).mp3
intro (end of the world),Ariana Grande,2024,Pop,Pop,c:/Users/adief/OneDrive/Dokumen/Semester 5/Data Mining 2/Week 14 (Final Project)/downloads_mp3/2024/ztotaQ79eek - Ariana Grande - intro (end of the world) (extended) (lyric visualizer).mp3
Lantas,Juicy Luicy,2024,Pop,Pop,c:/Users/adief/OneDrive/Dokumen/Semester 5/Data Mining 2/Week 14 (Final Project)/downloads_mp3/2021/ba-XAIskH_g - Juicy Luicy - Lantas (Official Lyric Video).mp3
One Dance (feat. Wizkid & Kyla),Drake,2016,Hip Hop,Hip Hop,c:/Users/adief/OneDrive/Dokumen/Semester 5/Data Mining 2/Week 14 (Final Project)/downloads_mp3/2016/mym4sKoAnKs - One Dance (feat. WizKid & Kyla) - Drake (Official Audio).mp3
Bersamamu,Jaz,2024,Pop,Pop,c:/Users/adief/OneDrive/Dokumen/Semester 5/Data Mining 2/Week 14 (Final Project)/downloads_mp3/2024/1-mM970N77M - Jaz - Bersamamu (Official Audio).mp3
Tampar,Juicy Luicy,2023,Pop,Pop,c:/Users/adief/OneDrive/Dokumen/Semester 5/Data Mining 2/Week 14 (Final Project)/downloads_mp3/2023/qmgA_WejI8w - Juicy Luicy - Tampar (Official Lyric Video).mp3
Tak Ada Ujungnya,Rony Parulian,2025,Pop,Pop,c:/Users/adief/OneDrive/Dokumen/Semester 5/Data Mining 2/Week 14 (Final Project)/downloads_mp3/2025/20mna4uNz5w - Rony Parulian - Tak Ada Ujungnya (Official Lyric Video).mp3
Pesan Terakhir,Lyodra,2023,Pop,Pop,c:/Users/adief/OneDrive/Dokumen/Semester 5/Data Mining 2/Week 14 (Final Project)/downloads_mp3/2021/pu7kkMAmiMM - Lyodra - Pesan Terakhir (Official Audio).mp3
Aku Yang Salah,Mahalini,2021,Pop,Pop,c:/Users/adief/OneDrive/Dokumen/Semester 5/Data Mining 2/Week 14 (Final Project)/downloads_mp3/2021/Lj_zPn3GsjE - MAHALINI X NUCA - AKU YANG SALAH (OFFICIAL MUSIC VIDEO).mp3
Faded,Alan Walker,2016,Pop,Electronic,c:/Users/adief/OneDrive/Dokumen/Semester 5/Data Mining 2/Week 14 (Final Project)/downloads_mp3/2016/psn_rs_a5O0 - Alan Walker - Faded (Audio).mp3
Tak Segampang Itu,Anggi Marito,2024,Pop,Pop,c:/Users/adief/OneDrive/Dokumen/Semester 5/Data Mining 2/Week 14 (Final Project)/downloads_mp3/2023/7rCDUFh9kzc - Anggi Marito - Tak Segampang Itu (Official Lyric Video).mp3
Bawa Dia Kembali,Mahalini,2024,Pop,Pop,c:/Users/adief/OneDrive/Dokumen/Semester 5/Data Mining 2/Week 14 (Final Project)/downloads_mp3/2023/dq2i49uwEJg - MAHALINI - BAWA DIA KEMBALI #FABULA (VIDEO LIRIK) LIRIK LAGU TERBARU.mp3
